#userID,gender,age,occupation,zip,movieType,mode,median,improvement
4418,F,50,0,02139,Drama,90,90,0
4448,M,25,14,06880,Drama,90,90,1
4022,M,35,14,53403,Drama,90,90,0
4020,M,25,6,77034,Drama,90,90,0
4028,M,25,4,02140,Drama,90,90,1
5988,M,25,15,94022,Drama,90,90,0
5982,M,35,1,56082,Comedy,90,90,0
5983,M,25,3,29208,Drama,90,80,1
5986,F,56,1,01060,Drama,90,90,1
5984,M,25,1,60657,Drama,90,80,1
5985,F,18,4,78705-5221,Comedy,90,90,1
345,M,25,12,94114,Drama,90,90,0
346,F,25,0,55110,Drama,90,90,1
343,F,35,3,55127,Drama,90,90,1
3996,M,18,14,32825,Drama,90,90,1
349,M,1,10,08035,Drama,90,90,1
3990,M,25,16,17350,Drama,90,90,1
965,M,56,7,10954,Drama,90,90,0
4932,M,25,7,63303,Drama,90,90,1
967,F,18,0,43615,Drama,90,90,1
4935,M,35,17,62958,Drama,90,90,1
4936,F,18,4,63144,Drama,90,90,1
2318,M,56,7,48114,Drama,90,90,0
2315,M,56,7,48114,Drama,90,80,0
5855,M,50,7,19462,Drama,90,90,1
5857,F,45,2,43229,Drama,90,90,0
5851,F,18,20,55410,Comedy,90,90,1
298,F,18,4,19010,Drama,90,80,1
299,M,25,12,97370,Drama,90,90,0
296,M,50,5,89432,Drama,90,90,0
5858,M,25,4,01002,Drama,90,90,1
290,F,25,20,94591,Drama,90,90,1
291,M,35,12,55110,Drama,90,90,0
3771,M,25,1,14982,Drama,90,80,0
3770,F,35,3,50322,Drama,90,90,1
4523,M,18,2,55304,Drama,90,90,1
3779,F,45,2,98383,Drama,90,90,1
3686,M,25,7,48070,Drama,90,90,1
271,M,18,4,48202,Drama,90,90,1
278,M,45,18,60482,Comedy,90,80,0
2268,F,35,1,46774,Drama,90,70,1
2262,M,45,17,48116,Drama,90,90,0
2263,M,25,6,70508,Drama,90,90,0
2264,F,45,7,37877,Drama,90,90,0
2265,M,56,13,60506,Drama,90,90,0
108,M,25,12,30316,Drama,90,80,0
102,M,35,19,20871,Drama,90,90,0
100,M,35,17,95401,Drama,90,90,1
101,F,18,3,33314,Drama,90,90,0
105,M,45,12,90277,Drama,90,90,0
2043,M,25,14,37931,Drama,90,70,1
4815,F,50,18,04849,Drama,90,90,0
2041,F,25,20,24015,Comedy,90,90,0
3510,F,18,4,02142,Comedy,90,90,0
3515,M,35,3,55042,Drama,90,90,1
3514,M,18,12,30318,Drama,90,90,0
2688,M,25,17,54915,Drama,90,80,1
2685,M,45,7,02116,Drama,90,90,0
2687,M,1,10,08805,Drama,90,90,1
1434,F,1,10,495321,Drama,90,90,0
99,F,1,10,19390,Drama,90,90,1
91,M,35,7,07650,Drama,90,70,0
90,M,56,13,85749,Drama,90,90,0
97,F,35,3,66210,Drama,90,70,1
1623,M,50,15,07746,Drama,90,70,1
1622,M,18,4,53715,Drama,90,80,1
5180,M,35,11,85044,Drama,90,60,0
1992,M,18,4,85259,Drama,90,90,0
1995,M,25,1,85364,Drama,90,90,0
1626,M,18,4,10010,Drama,90,90,1
5184,M,18,20,67212,Drama,90,90,1
1999,F,35,3,02113,Drama,90,90,0
1629,M,18,4,10003,Drama,90,80,1
5189,F,45,7,80304,Drama,90,90,0
2860,M,35,17,20009,Drama,90,90,1
2861,M,25,15,06510,Drama,90,80,1
2862,M,45,7,55066,Drama,90,80,1
2863,F,25,2,27705,Drama,90,90,0
2868,M,35,12,94025,Drama,90,90,0
551,M,35,20,55116,Drama,90,90,0
3324,M,35,17,48083,Drama,90,70,1
3349,F,18,4,92054,Comedy,90,90,0
1191,F,35,0,98117,Drama,90,70,0
1193,M,25,12,90712,Drama,90,90,0
1192,M,50,16,98103,Drama,90,65,1
1194,F,25,1,95617,Drama,90,90,1
1197,M,35,1,44077,Drama,90,70,0
1196,F,18,14,22203,Drama,90,90,1
1758,F,25,0,33067-1400,Drama,90,90,0
1757,M,25,4,75206,Drama,90,90,1
1754,M,18,19,27028,Drama,90,70,1
1753,M,35,6,90803,Comedy,90,90,1
1751,M,35,20,77024,Drama,90,70,1
1175,F,25,2,90020,Drama,90,90,1
1173,F,25,7,10019,Drama,90,90,1
3439,M,18,17,76116,Drama,90,70,1
4250,F,50,0,33313,Drama,90,90,1
4252,F,35,3,28262,Drama,90,90,1
1179,M,50,1,91030,Drama,90,90,1
5531,M,50,17,09056,Drama,90,90,0
5536,M,25,16,67204,Drama,90,90,0
1006,M,18,4,53220,Drama,90,80,0
5539,F,25,20,91403,Drama,90,90,1
1285,M,35,4,98125,Drama,90,90,0
1287,F,50,7,94611,Drama,90,80,0
1286,M,35,17,92630,Drama,90,80,1
1283,F,18,1,94607,Drama,90,80,0
1282,M,50,1,98541,Drama,90,60,1
688,M,56,13,13407,Drama,90,70,1
3431,F,45,6,48867,Drama,90,90,0
685,M,25,4,27514,Drama,90,90,0
684,M,25,4,27510,Drama,90,90,0
1571,M,25,20,98033,Drama,90,90,1
686,M,18,4,27514,Drama,90,90,1
1577,M,56,0,72227-5733,Drama,90,90,0
1576,F,45,9,85202,Drama,90,90,1
1575,F,50,7,94949,Drama,90,70,1
682,M,25,4,27510,Drama,90,90,1
623,M,25,17,60555,Drama,90,90,0
4188,M,50,7,74137,Drama,90,90,0
626,M,18,4,77005,Drama,90,90,0
5629,M,25,14,02465,Drama,90,90,1
5628,M,18,4,90024,Drama,90,70,1
5627,M,25,0,07040,Drama,90,90,1
1220,M,1,10,48073,Drama,90,90,0
5621,M,25,7,02135,Drama,90,90,1
407,M,18,17,89503,Drama,90,80,1
1370,M,35,2,92821,Drama,90,80,0
1373,F,25,1,55104,Drama,90,80,1
2034,F,45,2,01851,Drama,90,80,0
1375,F,45,5,95136,Drama,90,90,1
1377,M,35,16,65270,Drama,90,90,1
3837,M,25,17,28804,Drama,90,90,0
2030,M,25,4,77345,Drama,90,90,1
3838,F,25,14,10033,Drama,90,80,1
5995,F,35,1,14618,Drama,90,90,1
3207,M,35,7,60610,Drama,90,90,1
5993,F,50,20,50010,Drama,90,90,1
457,M,18,4,54703,Drama,90,90,0
378,F,18,0,55105,Drama,90,90,1
375,M,25,2,55106,Drama,90,70,1
377,M,25,17,55418,Drama,90,70,1
376,M,35,1,80026,Drama,90,90,1
4349,M,18,2,95843,Drama,90,80,0
392,M,18,7,20037,Drama,90,90,0
391,M,45,11,22122,Drama,90,80,1
395,M,18,5,55104,Drama,90,90,1
2309,F,45,0,08901,Drama,90,90,1
4729,M,50,16,55347,Drama,90,90,1
4728,M,25,19,31401,Drama,90,90,1
4725,M,35,5,96707-1321,Drama,90,80,1
2300,M,56,13,49423,Drama,90,90,1
5847,F,18,4,02464,Drama,90,90,0
5843,M,35,1,83301,Drama,90,90,0
3748,M,18,4,02026,Drama,90,70,1
3706,M,25,12,46725,Drama,90,90,1
3744,M,25,0,60645,Drama,90,60,1
3745,F,25,9,49442,Drama,90,80,0
3740,M,18,5,55116,Drama,90,50,1
245,M,35,16,66046,Drama,90,90,1
244,M,50,7,19072,Drama,90,90,1
240,M,50,17,55113,Drama,90,90,0
243,M,25,16,11576,Drama,90,70,1
242,F,18,4,53706,Drama,90,90,0
2277,F,45,9,13035,Drama,90,90,0
2271,M,50,14,13210,Drama,90,90,0
2270,M,18,1,14620,Drama,90,90,1
292,M,35,7,19406,Drama,90,90,0
2458,M,25,7,85040,Comedy,90,90,0
2455,M,35,7,48197,Drama,90,90,0
2454,M,18,0,97005,Comedy,90,90,0
2452,M,45,7,01545,Drama,90,90,0
178,M,56,17,53705,Drama,90,90,0
177,M,50,1,54016,Drama,90,70,0
175,F,25,2,95123,Drama,90,90,1
174,M,25,16,21203,Drama,90,90,0
170,M,25,11,07002,Drama,90,80,1
1502,M,18,4,12188,Comedy,90,90,0
4538,M,25,12,0956456,Drama,90,70,0
2057,M,35,1,49417,Drama,90,70,0
657,F,50,13,34691,Drama,90,70,0
2059,M,35,0,44130,Drama,90,90,0
2058,F,56,1,06437,Drama,90,90,1
4536,M,18,12,53715,Drama,90,90,0
4537,F,45,1,01379,Drama,90,80,0
4823,M,18,4,46219,Drama,90,90,0
3696,M,35,7,19149,Drama,90,90,0
655,F,25,2,92629,Drama,90,90,1
1506,M,25,7,08550,Drama,90,90,0
653,M,56,13,92660,Drama,90,65,0
3526,M,35,2,62263-3004,Drama,90,90,1
3527,M,25,0,53213,Drama,90,90,1
3525,F,18,4,02142,Drama,90,90,1
3521,M,25,0,53213,Drama,90,90,1
3087,F,1,1,90802,Drama,90,90,1
3086,M,18,12,98105,Drama,90,90,0
4654,M,35,20,94574,Drama,90,90,0
2697,F,50,17,87031,Drama,90,80,1
2694,M,18,4,90024,Drama,90,90,0
2693,M,56,13,72949,Drama,90,90,1
1602,F,25,7,10562,Drama,90,90,0
3220,M,35,7,54016,Drama,90,70,0
3223,M,25,20,10014,Drama,90,80,0
1115,F,25,1,60551,Drama,90,90,1
3231,M,25,7,55112,Drama,90,90,0
5199,F,25,1,35243,Drama,90,90,0
1969,F,25,3,92116,Drama,90,90,1
1618,M,50,0,44139,Drama,90,90,0
1616,M,25,0,16101,Drama,90,80,1
1617,M,25,12,44060,Drama,90,90,0
1614,M,35,0,90027,Drama,90,90,1
1960,M,45,7,55555,Drama,90,60,1
1613,M,18,20,61801,Comedy,90,90,0
1610,M,25,11,55555,Drama,90,90,1
1963,F,50,9,91941,Drama,90,90,0
2870,M,50,18,95472,Drama,90,90,1
2879,M,18,4,60062,Drama,90,90,1
2878,F,50,20,88005,Drama,90,90,1
3357,M,25,18,64055,Drama,90,90,0
3350,F,18,0,20815,Drama,90,90,0
3359,M,25,20,22936,Comedy,90,90,0
3781,F,56,11,54401,Drama,90,90,0
5443,M,25,12,01915,Drama,90,90,0
5447,M,45,2,60626,Drama,90,90,1
5446,F,50,1,65203,Drama,90,80,1
5444,F,18,4,55449,Drama,90,80,1
1769,M,25,17,75240,Drama,90,75,1
1762,M,25,14,75230,Drama,90,90,1
1763,M,35,7,76248,Drama,90,90,0
1761,M,35,0,72058,Drama,90,90,0
1765,M,18,4,13655,Drama,90,90,0
1142,M,18,1,43623,Drama,90,90,1
1140,F,45,2,73069,Drama,90,90,0
1141,F,25,3,84770,Drama,90,90,0
1147,M,25,20,98101,Drama,90,90,1
1144,M,25,7,94025,Drama,90,70,1
1145,M,50,3,92103,Drama,90,50,0
1148,M,35,17,92618,Drama,90,90,0
1149,M,25,12,98103,Drama,90,90,0
5509,M,25,0,11215,Drama,90,90,0
5506,F,18,14,60610,Drama,90,80,0
5502,M,25,2,66044,Drama,90,80,1
5503,F,25,9,55409,Drama,90,90,1
5501,M,25,2,33334,Drama,90,90,0
1547,M,56,13,02115,Drama,90,90,1
1544,M,25,12,63146,Drama,90,90,0
1545,M,25,20,20009,Drama,90,90,1
1542,M,18,17,12054,Drama,90,80,1
1543,M,25,11,10549,Drama,90,90,0
694,M,18,4,76401,Drama,90,70,0
695,F,18,1,04240,Drama,90,90,0
699,M,18,0,73505,Drama,90,60,0
1549,M,35,6,20901,Drama,90,90,0
540,M,18,1,15213,Drama,90,90,1
546,F,25,0,37211,Drama,90,90,1
544,M,35,12,94538,Drama,90,70,1
545,M,35,17,01890,Drama,90,90,1
549,M,25,6,53217,Drama,90,90,0
1784,M,18,20,18104,Drama,90,90,1
1785,M,18,4,04901,Drama,90,90,1
3320,M,25,1,56082,Drama,90,90,0
5618,F,18,4,92612,Drama,90,90,0
5610,F,25,1,54880,Drama,90,80,0
5616,M,45,1,08840,Drama,90,90,1
5617,M,25,14,48336,Drama,90,90,0
414,M,25,0,55317,Drama,90,90,1
19,M,1,10,48073,Drama,90,90,1
1388,M,56,20,87107,Drama,90,90,1
1389,M,25,17,19801,Drama,90,90,0
412,M,35,15,55117,Drama,90,90,1
413,M,25,11,55409,Drama,90,90,0
1385,F,25,5,90262,Drama,90,70,1
1386,F,25,0,07026,Drama,90,90,0
1387,F,50,13,94702,Drama,90,90,1
1383,F,25,7,19806,Drama,90,90,0
3825,M,18,1,06279,Drama,90,90,1
3824,M,25,17,32308,Comedy,90,90,0
3829,F,25,1,22307,Drama,90,80,0
3828,M,25,20,92101,Drama,90,80,1
4281,M,56,13,92120,Drama,90,90,1
4284,M,50,7,40601,Drama,90,90,1
4285,M,35,0,62704,Comedy,90,90,1
4288,F,25,9,46580,Drama,90,80,0
4289,M,35,14,32068,Drama,90,75,0
364,F,35,1,46815,Drama,90,80,0
365,F,18,4,02138,Drama,90,90,1
381,M,35,17,89015,Drama,90,80,0
4751,M,50,15,02474,Drama,90,80,0
5273,M,56,20,91030,Drama,90,90,1
5872,M,25,17,61265,Drama,90,90,1
5876,M,50,7,30066,Drama,90,80,1
5874,M,25,4,01002,Drama,90,90,1
5875,M,25,4,19103,Drama,90,90,1
5878,F,25,0,60640,Drama,90,90,1
1074,M,45,17,48073,Drama,90,90,1
3753,M,25,7,42518,Drama,90,90,1
3754,M,56,7,94612,Drama,90,80,1
3757,M,25,7,92612,Drama,90,90,0
1073,F,25,6,72211,Drama,90,90,0
4633,M,1,0,48302,Drama,90,90,0
259,M,25,1,60615,Drama,90,90,1
2195,M,1,10,60148,Drama,90,90,0
2197,F,25,1,27515,Drama,90,90,1
252,M,25,12,94112,Drama,90,90,1
250,M,35,16,11229,Drama,90,80,0
1071,M,50,16,13045,Drama,90,90,1
256,M,45,16,55076,Drama,90,90,0
255,M,35,0,85310,Drama,90,80,1
2205,F,25,7,10016,Drama,90,90,0
2208,M,25,0,10006,Drama,90,90,1
2428,M,45,17,45255,Drama,90,90,0
2429,M,25,2,22903,Drama,90,90,1
2420,M,50,7,37938,Drama,90,80,1
2425,F,35,14,45243,Drama,90,90,1
2427,F,25,14,94010,Drama,90,70,0
166,M,18,4,92802,Drama,90,90,1
160,M,35,7,13021,Drama,90,70,0
163,M,18,4,85013,Drama,90,80,1
3689,M,25,0,80906,Drama,90,90,1
3681,M,25,7,29662,Drama,90,90,1
4835,M,25,20,14450,Drama,90,90,1
4522,M,45,1,81004,Comedy,90,90,1
4837,M,25,5,46254,Drama,90,90,1
2518,M,25,7,11793,Drama,90,70,1
2515,M,45,12,37914,Drama,90,90,1
2510,M,25,7,37930,Drama,90,90,1
908,F,50,1,92103,Drama,90,70,0
2734,F,18,4,02912,Drama,90,90,1
2735,M,25,7,22903,Drama,90,80,1
2737,M,25,3,50311,Drama,90,90,0
5299,M,25,2,43202,Drama,90,90,1
4426,M,45,17,93401,Drama,90,80,0
5293,M,25,12,95030,Drama,90,90,1
5291,M,45,1,44406,Drama,90,60,1
3531,F,25,11,55409,Drama,90,75,0
3530,M,25,0,77058,Drama,90,90,0
5059,M,45,16,22652,Drama,90,80,0
1090,M,25,7,94105,Drama,90,90,0
5053,M,25,4,84111,Comedy,90,90,0
1815,M,1,1,30707,Drama,90,80,1
1816,F,35,9,56007,Drama,90,70,1
1817,M,35,1,53706,Drama,90,90,0
1813,F,35,6,90035,Drama,90,90,1
1819,F,35,12,45249,Drama,90,90,1
671,M,18,4,61761,Drama,90,90,1
4953,M,35,12,55082,Drama,90,80,1
1609,F,35,9,06830,Drama,90,90,1
3228,M,25,14,05448,Drama,90,90,1
1978,M,1,10,43357,Drama,90,90,0
1601,M,25,12,83001,Drama,90,90,1
1603,F,25,0,13326,Drama,90,90,0
1974,M,35,17,12159,Drama,90,90,0
1605,F,18,0,28270,Drama,90,90,0
1972,M,45,17,92111,Drama,90,90,0
1607,M,45,1,02135,Drama,90,90,0
1606,F,35,3,55405,Drama,90,90,1
800,F,35,12,72032,Drama,90,90,0
807,M,18,4,89015,Drama,90,90,0
805,M,35,12,37211,Drama,90,90,1
2843,F,25,4,78705,Drama,90,90,0
2840,M,25,0,60660,Drama,90,80,1
5476,F,35,0,20037,Drama,90,70,0
3323,M,35,14,11784,Drama,90,60,0
5472,M,35,1,27909,Drama,90,90,0
3326,M,45,7,64138,Drama,90,80,1
909,M,45,7,92831,Drama,90,90,1
1775,M,25,4,70115,Drama,90,90,1
1774,M,25,17,99003,Drama,90,90,0
1777,M,25,20,17022,Drama,90,90,1
5270,M,25,12,87571,Drama,90,90,1
1772,M,56,2,90680,Drama,90,80,1
2998,F,25,1,45241,Drama,90,90,0
1159,M,18,0,48314,Drama,90,90,1
1157,M,45,7,30253,Drama,90,70,1
1150,F,25,20,75226,Drama,90,90,1
5510,M,18,4,191004,Drama,90,90,0
5512,F,25,17,01701,Drama,90,90,0
5515,M,18,4,16101,Drama,90,90,0
1551,M,25,11,20008,Drama,90,90,0
1553,F,25,15,64116,Drama,90,90,1
1554,F,35,12,17013,Drama,90,90,0
1557,F,18,4,10039,Drama,90,90,1
55,F,35,12,55303,Drama,90,70,1
2991,M,50,1,48105,Drama,90,60,1
57,M,18,19,30350,Drama,90,90,0
2993,M,18,19,12133,Drama,90,90,0
51,F,1,10,10562,Drama,90,90,1
3032,M,25,0,47303,Drama,90,90,0
3033,M,18,4,02906,Comedy,90,90,1
1559,M,35,8,10014,Drama,90,70,1
534,M,25,15,55902,Drama,90,90,1
533,M,25,12,27514,Drama,90,90,1
531,F,18,14,22206,Drama,90,90,1
54,M,50,1,56723,Drama,90,60,0
539,M,25,2,55103,Drama,90,90,1
538,M,56,16,95407,Drama,90,70,0
5137,M,18,18,65265,Drama,90,80,1
5600,F,45,0,12833-2000,Comedy,90,80,1
3295,M,18,18,92123,Drama,90,90,1
536,M,25,20,01267,Drama,90,90,0
429,M,18,0,54901,Drama,90,90,0
3292,F,50,6,79410,Drama,90,90,0
1399,M,18,17,10804,Drama,90,90,0
1397,M,35,7,55901,Drama,90,90,1
422,M,56,17,55104,Drama,90,90,0
1392,M,45,3,90006,Drama,90,90,0
1391,M,35,15,20723,Comedy,90,75,0
3811,M,25,15,98103,Drama,90,90,1
3815,M,25,17,53406,Drama,90,90,1
4299,F,25,2,43617,Drama,90,90,0
4290,M,25,17,98661,Drama,90,90,0
4292,M,25,0,98178,Drama,90,90,1
4748,M,45,16,60302,Drama,90,90,1
4743,M,56,13,63122,Drama,90,80,0
4742,M,25,3,94118,Drama,90,90,1
4740,F,25,3,38134,Drama,90,90,1
4745,F,18,4,06268,Drama,90,90,1
5865,M,25,17,95926,Drama,90,90,1
5864,F,50,1,28043,Drama,90,90,1
5860,F,25,4,91428,Drama,90,90,0
2181,M,25,0,45245,Drama,90,90,1
2180,M,25,12,27713-9225,Drama,90,90,0
229,M,18,10,04576,Drama,90,90,1
228,M,25,15,55455,Drama,60,60,0
2189,M,1,10,60148,Drama,90,80,1
224,F,18,4,14850,Drama,90,90,1
222,M,25,1,55116,Drama,90,70,1
220,M,25,12,22903,Drama,90,75,0
2212,M,18,4,80521,Drama,90,80,1
2217,M,1,10,44906,Drama,90,85,1
2216,F,25,20,60612,Drama,90,70,1
150,M,35,7,98144,Drama,90,90,1
153,M,1,10,51537,Drama,90,75,0
152,M,18,4,48104,Drama,90,90,1
2431,F,25,4,22903,Drama,90,70,1
4201,F,25,0,65550,Drama,90,70,1
4512,M,25,1,16508,Drama,90,90,0
4511,M,35,7,62234,Drama,90,70,0
4517,F,18,1,48067,Drama,90,90,1
4204,M,35,7,06905,Drama,90,90,1
2726,M,45,11,02155,Drama,90,90,0
2725,M,35,7,30071,Drama,90,90,1
2724,F,45,2,27514,Comedy,90,90,0
5284,M,25,16,55426,Drama,90,90,1
2728,M,35,12,27614,Drama,90,90,1
5046,M,25,16,60614,Drama,90,80,0
5042,F,18,2,55408,Drama,90,90,0
1807,M,18,17,20742,Drama,90,90,0
1806,M,18,4,22032,Drama,90,90,0
1805,M,18,4,22401,Drama,90,90,1
1804,M,25,7,22314,Drama,90,90,1
3785,F,25,20,93401,Drama,90,90,0
3788,F,18,0,94587,Drama,90,80,1
4995,M,50,20,55419,Drama,90,90,1
1524,M,18,4,06459,Drama,90,90,1
1941,M,35,17,94550,Drama,90,90,0
1946,M,25,14,94110,Drama,90,60,1
1944,F,18,4,93107,Drama,90,90,0
1252,M,56,13,94134,Drama,90,90,1
814,F,18,4,92612,Drama,90,80,0
816,M,45,0,92108,Drama,90,90,0
1991,M,25,20,48309,Drama,90,80,1
5183,F,18,20,45202,Drama,90,90,0
2857,M,25,0,10469,Drama,90,90,0
1490,M,50,7,90505,Drama,90,90,1
421,F,45,3,55125,Drama,90,80,0
1492,M,25,12,98102,Drama,90,90,0
5181,M,25,7,19003,Drama,90,90,0
1494,M,25,17,38104,Comedy,90,90,1
1496,M,25,17,94108,Drama,90,90,0
1499,M,1,10,19343,Drama,90,90,0
1994,M,35,2,89012,Drama,90,70,0
1700,M,25,20,98119,Drama,90,80,1
1702,M,18,10,97303,Drama,90,90,0
5264,M,18,4,15217,Drama,90,90,1
1704,M,25,4,98926,Drama,90,90,1
5262,F,25,14,46220,Drama,90,75,1
1707,M,50,1,95070,Drama,90,90,1
1708,M,25,0,64106,Drama,90,80,1
1709,M,25,0,73147,Drama,90,90,1
424,M,25,17,55112,Drama,90,80,0
427,M,35,12,55104,Drama,90,70,1
5188,F,35,9,44406,Drama,90,90,0
1128,M,25,1,72701,Drama,90,80,1
1129,M,35,17,22309,Drama,90,90,0
1120,M,18,4,95616,Drama,90,90,0
1121,M,56,7,78701,Drama,90,90,0
1122,M,56,14,02632,Drama,90,85,1
1123,M,50,0,91789,Drama,90,90,1
1126,M,56,16,13031,Drama,90,80,0
2987,M,18,4,15213,Drama,90,90,0
526,M,45,17,94806,Drama,90,90,1
1019,M,35,1,60640,Drama,90,90,1
522,M,25,12,55124,Drama,90,90,0
3952,F,45,1,12449,Drama,90,65,0
1014,F,45,17,03054,Drama,90,70,0
1015,M,35,3,11220,Drama,90,90,0
1010,M,25,0,10310,Drama,90,90,0
1013,M,56,13,02576,Drama,90,90,0
1234,M,18,4,91006,Drama,90,75,0
1235,F,25,7,94043,Drama,90,90,0
1237,M,18,4,32720,Drama,90,80,1
1230,M,25,11,95125,Drama,90,90,0
1231,M,25,12,60515,Drama,90,90,0
1232,F,18,4,43235,Drama,90,80,1
1233,F,45,20,94519,Drama,90,90,0
1238,F,35,20,11215,Drama,90,70,1
1239,F,25,20,50111,Drama,90,90,1
5670,M,18,4,48109,Drama,90,90,0
5671,M,25,1,02146,Drama,90,90,0
5675,M,35,14,30030,Drama,90,80,0
4355,M,50,14,08028,Drama,90,80,0
4678,M,35,2,90292,Drama,90,80,1
439,M,35,14,55129,Drama,90,90,1
435,M,25,7,55125,Comedy,90,90,0
432,M,45,16,55306,Drama,90,90,1
4903,M,35,12,95952,Drama,90,80,1
2830,M,35,7,94506,Drama,90,90,0
3803,F,35,9,19006,Drama,90,70,1
5709,M,18,4,90024,Comedy,90,90,0
5705,F,18,4,90024,Drama,90,90,0
5706,M,18,17,08550,Drama,90,90,1
5707,M,25,12,01060,Drama,90,90,0
5700,F,18,14,55426,Drama,90,90,1
5702,M,18,0,90034,Drama,90,90,0
555,M,18,4,53213,Drama,90,80,0
3314,M,25,7,06516,Drama,90,90,1
4771,F,25,4,04101,Drama,90,90,0
4779,M,45,3,04011,Drama,90,90,0
4171,M,56,16,79705,Drama,90,90,0
1961,F,50,3,91911,Drama,90,90,1
5810,M,50,16,95070,Drama,90,80,0
5817,M,25,17,33028,Drama,90,80,0
234,M,35,7,39652,Drama,90,80,1
4610,F,25,4,53951,Drama,90,90,1
237,M,25,6,46835,Drama,90,90,1
230,M,45,1,43210,Drama,90,90,1
4617,F,25,6,55433,Drama,90,90,0
990,M,18,6,10004,Drama,90,90,0
2228,M,25,12,60025,Drama,90,90,1
2226,F,25,7,27514,Drama,90,90,1
2224,M,25,12,60025,Drama,90,60,0
5925,F,25,0,90035-4444,Drama,90,80,0
5921,M,25,6,15146,Comedy,90,90,0
5929,F,35,0,33607,Drama,90,80,0
146,F,35,20,10954,Drama,90,90,1
144,M,25,17,29401,Drama,90,80,0
142,M,25,7,10011,Drama,90,90,0
141,M,35,13,62035,Drama,90,90,1
999,M,25,15,62558,Drama,90,90,1
5355,M,56,0,78232,Drama,90,90,1
148,M,50,17,57747,Drama,90,90,1
4504,F,25,0,65775,Drama,90,70,1
5353,M,25,6,77030,Drama,90,90,1
2088,M,50,7,60618,Drama,90,80,0
2083,M,18,4,64920,Drama,90,70,1
2080,M,25,11,37931,Drama,90,80,1
2081,M,18,17,49445,Drama,90,75,0
2087,M,25,0,37923-3112,Drama,90,65,0
2085,M,18,0,06360,Drama,90,90,1
2538,M,56,13,37923,Drama,90,85,1
2533,F,25,3,49423,Drama,90,90,0
2534,F,50,6,37922,Drama,90,80,1
3404,M,25,8,95380,Drama,90,90,1
5453,M,18,4,30305,Drama,90,90,1
2717,M,25,4,96826,Drama,90,60,1
2714,M,18,4,96815,Drama,90,70,1
2718,F,25,4,96817,Drama,90,90,1
2719,M,25,12,98100,Drama,90,80,1
5078,M,45,7,19067,Drama,90,90,1
5456,M,35,1,32312,Drama,90,80,1
5070,M,25,2,55344,Drama,90,90,0
3345,M,25,7,18655,Drama,90,90,0
1830,M,18,4,12180,Drama,90,80,1
1836,M,25,0,10016,Drama,90,90,0
1837,M,25,2,08817,Drama,90,90,1
1835,M,25,19,11501,Drama,90,65,1
3795,F,18,4,91405,Drama,90,60,0
1838,M,35,7,10011,Drama,90,80,0
1839,M,18,4,07940,Drama,90,90,1
3793,M,18,4,21093,Drama,90,90,0
2406,F,56,12,01520,Comedy,90,90,1
2155,F,1,10,50246,Drama,90,90,1
2402,M,45,17,32024,Drama,90,90,1
2403,M,18,4,37743,Drama,90,90,0
2153,M,18,16,97405,Drama,90,90,1
4989,M,25,0,55121,Drama,90,70,0
931,F,56,1,06032,Drama,90,90,1
930,M,25,5,98380,Drama,90,90,0
2408,F,45,1,01609,Drama,90,90,1
2409,F,35,9,06074,Drama,90,70,1
5383,M,35,1,55430,Drama,90,70,0
5386,M,25,14,60045,Drama,90,90,1
5389,M,45,7,01905,Drama,90,90,0
1955,M,1,19,03109,Drama,90,75,0
1954,M,25,16,91402,Drama,90,90,0
1957,F,18,4,23185,Drama,90,70,0
1953,F,25,2,94566,Drama,90,90,0
1952,M,35,1,91030,Drama,90,90,1
1959,F,50,13,53092,Drama,90,70,1
3240,M,18,4,55403,Drama,90,80,1
829,M,1,19,53711,Drama,90,90,1
822,F,25,1,07666,Drama,90,90,1
4312,M,25,18,78757,Drama,90,80,1
1483,M,18,4,54481,Drama,90,90,1
1481,M,35,17,77096,Drama,90,70,0
1487,M,35,7,07644,Drama,90,60,0
1486,M,25,16,90638,Drama,90,90,0
1485,F,25,9,80538,Drama,90,90,0
1484,M,25,12,07054,Drama,90,90,0
5494,F,35,17,94306,Drama,90,80,1
1489,F,35,2,60201,Drama,90,90,0
1488,M,25,7,94538,Drama,90,80,1
3300,M,35,5,19119,Comedy,90,90,0
4315,M,18,4,44266,Drama,90,90,0
797,F,50,7,20175,Drama,90,90,1
796,M,50,6,98237,Drama,90,90,0
795,F,35,14,19147,Drama,90,90,0
1716,M,25,0,43229,Drama,90,90,1
791,M,35,7,27511,Drama,90,80,1
1714,M,25,17,43212,Drama,90,90,0
1718,M,18,4,43235,Drama,90,75,0
798,F,25,20,48464,Comedy,90,90,0
3095,F,25,3,06810,Drama,90,90,1
1139,M,25,1,93420-2852,Drama,90,90,1
4063,F,35,1,29070,Drama,90,70,0
1133,M,18,2,90038,Comedy,90,90,1
1132,M,18,12,98225,Drama,90,90,1
1130,M,18,7,60012,Drama,90,80,1
1136,F,35,7,90274,Drama,90,90,1
1135,M,50,13,98201,Drama,90,90,0
1134,M,18,20,19114,Drama,90,90,0
4257,M,50,16,38122,Drama,90,90,1
3018,M,35,0,45242,Drama,90,90,1
3013,M,45,17,97124,Drama,90,90,0
3016,M,18,12,78759,Drama,90,90,0
519,F,35,14,55038,Drama,90,60,0
4972,M,35,0,95118,Drama,90,85,1
1008,M,35,3,77064,Drama,90,70,0
511,F,45,4,15232,Drama,90,80,1
510,M,18,12,55109,Drama,90,90,0
1005,M,35,11,08003,Drama,90,90,1
514,M,25,2,55113,Drama,90,90,0
517,F,25,14,55408,Drama,90,90,0
1227,M,50,1,90027,Drama,90,90,1
622,M,25,0,92612,Drama,90,60,1
621,M,18,4,93560,Drama,90,80,0
620,M,18,0,13210,Drama,90,90,1
1997,M,25,0,84108,Drama,90,90,1
624,M,25,1,75207,Drama,90,90,0
629,F,1,10,48154,Drama,90,90,1
628,F,35,0,20715,Drama,90,90,1
1229,F,25,4,48219,Drama,90,60,1
1228,M,25,1,94720,Drama,90,90,0
5662,M,1,10,07960,Drama,90,80,1
5660,M,25,2,78722,Drama,90,80,0
5666,M,18,16,11209,Drama,90,90,0
5665,M,18,4,10461-1301,Drama,90,90,0
4346,M,18,17,45701,Drama,90,90,0
4345,F,25,14,44304,Drama,90,90,1
2882,M,18,20,78759,Drama,90,90,1
2886,M,18,4,60073,Comedy,90,90,0
2885,F,18,1,80302,Drama,90,90,1
3872,M,25,1,14613,Drama,90,90,0
3873,F,45,2,94558,Drama,90,85,0
3276,M,25,20,55391,Drama,90,90,1
5718,F,35,14,38018,Drama,90,90,1
5717,M,25,0,03766,Drama,90,90,1
18,F,18,3,95825,Drama,90,80,1
5715,M,18,4,90024,Drama,90,90,1
5713,F,50,7,91362,Drama,90,90,0
5710,M,25,15,90034,Drama,90,70,0
3273,M,35,7,11201,Drama,90,90,1
3904,M,1,10,48445,Drama,90,90,1
3906,M,50,17,54409,Drama,90,90,0
3270,M,18,11,45220,Drama,90,90,1
4761,M,18,15,21042,Drama,90,80,0
4767,F,35,9,03769,Drama,90,80,1
4164,M,35,1,50677,Drama,90,70,0
4162,F,25,14,23221,Drama,90,90,0
4161,M,45,0,90404,Drama,90,90,0
4168,F,45,6,37766,Drama,90,80,1
5803,M,1,10,01597,Drama,90,90,1
5801,M,25,16,04103,Drama,90,80,1
5800,M,35,18,90804,Drama,90,70,0
5807,M,35,7,01940,Drama,90,90,1
209,M,35,1,90048,Drama,90,70,1
208,M,35,17,55432,Drama,90,90,1
1572,F,25,3,02155,Drama,90,70,1
2239,M,18,10,60148,Drama,90,90,1
2238,F,25,4,32607,Drama,90,90,1
2231,M,50,11,85726,Drama,90,90,1
2230,F,45,1,60302,Drama,90,90,1
2232,M,25,14,60061,Drama,90,70,0
2235,M,1,10,46324,Comedy,90,90,0
5933,M,25,2,98227,Drama,90,80,0
683,M,25,4,27514,Drama,90,90,1
3497,F,35,2,94109,Drama,90,90,1
2095,M,56,13,58504,Drama,90,70,0
4572,F,1,10,17036,Drama,90,80,0
2096,F,25,17,33990,Drama,90,90,1
2090,M,35,17,48313,Comedy,90,90,0
4577,M,35,7,48306,Drama,90,90,1
4579,F,18,4,63332,Drama,90,90,0
3650,M,25,0,60611,Comedy,90,90,1
3652,M,25,12,94608,Drama,90,90,0
4605,M,25,15,92656,Drama,90,70,1
2520,F,56,2,95448,Drama,90,70,1
2523,M,25,17,49423,Drama,90,90,0
4496,M,45,2,06513,Drama,90,90,0
2529,F,35,9,95903,Drama,90,90,0
4156,M,56,20,95123,Drama,90,90,1
4601,M,35,14,55415,Drama,90,90,1
4888,F,56,0,08055,Drama,90,90,0
5061,F,18,19,05070,Drama,90,80,1
2705,M,25,1,27713,Drama,90,90,1
4883,F,1,10,02906,Comedy,90,90,1
2701,M,45,1,60115,Drama,90,90,1
5068,M,35,7,19004,Drama,90,70,0
4887,M,18,2,19072,Drama,90,90,0
1828,M,18,4,07030,Drama,90,90,1
4404,M,25,1,57106,Drama,90,90,1
1824,F,18,4,43560,Drama,90,90,1
1827,F,25,1,07721,Drama,90,90,0
4407,M,18,4,02143,Drama,90,90,1
4400,F,18,4,43402,Drama,90,70,0
1820,M,25,20,50265,Drama,90,90,0
1822,F,25,0,53713,Drama,90,90,0
2147,F,18,0,60641,Drama,90,85,0
2410,M,56,7,06071,Drama,90,90,0
2144,M,18,0,46517,Drama,90,90,0
2414,M,25,1,49503,Drama,90,90,1
2416,M,45,7,01531,Drama,90,80,1
921,M,25,17,92084,Drama,90,90,1
4976,M,25,11,65775,Drama,90,90,0
4977,M,25,4,92507,Drama,90,90,1
4971,M,35,7,94086,Drama,90,70,0
926,M,1,10,07869,Drama,90,90,1
4973,F,56,2,949702,Drama,90,90,0
5392,M,50,1,98112,Drama,90,60,0
5390,M,1,0,78130,Drama,90,90,1
2411,F,35,14,01536,Drama,90,90,1
1920,F,35,7,80122,Drama,90,90,1
1921,M,56,12,92780,Drama,90,90,1
1922,F,25,7,94303,Drama,90,90,0
1923,M,35,7,90026,Drama,90,60,0
1924,F,56,6,90630,Drama,90,90,1
1925,M,50,7,92886,Drama,90,90,1
1926,F,1,0,95404,Drama,90,80,1
1928,M,1,10,94501,Drama,90,90,1
3279,M,45,15,92880,Drama,90,90,0
3474,M,35,11,10538,Drama,90,80,0
3476,M,50,0,44126,Drama,90,90,0
831,F,45,0,20874,Drama,90,90,0
837,M,56,7,08540,Drama,90,80,1
4248,M,25,4,26508,Drama,90,90,0
5586,M,35,20,94107,Drama,90,70,0
5487,M,25,17,95136,Drama,90,80,1
5486,M,25,0,17821,Drama,90,90,1
3313,M,35,20,90292,Drama,90,90,0
5482,M,18,7,10014,Drama,90,90,1
3317,M,25,4,78705,Drama,90,90,1
5480,F,25,14,07030,Drama,90,90,0
785,M,18,19,29307,Drama,90,90,0
786,M,25,0,55987,Drama,90,90,0
787,M,18,4,77802,Drama,90,90,1
1728,M,18,4,11710-1641,Drama,90,90,1
1729,M,25,7,53715,Drama,90,70,1
1726,M,25,2,60160,Drama,90,90,1
5244,M,18,4,01095,Drama,90,90,1
5246,F,18,0,64030,Drama,90,90,0
788,M,25,0,37601,Comedy,90,90,1
5243,M,1,10,54220,Drama,90,90,0
60,M,50,1,72118,Drama,90,90,0
3004,F,18,4,02138,Comedy,90,90,1
62,F,35,3,98105,Drama,90,90,1
63,M,18,4,54902,Drama,90,70,1
64,M,18,1,53706,Drama,90,80,1
67,F,50,5,60181,Drama,90,75,1
3009,F,35,3,55112,Drama,90,80,1
1588,M,25,11,22043,Drama,90,60,0
406,M,25,20,55105,Drama,90,90,1
1583,M,35,6,94115,Drama,90,70,1
1580,F,18,4,76201,Drama,90,70,0
1581,F,18,4,10003,Drama,90,90,0
1586,M,45,7,77351,Drama,90,90,1
1587,F,25,3,30308,Drama,90,90,1
1585,M,56,20,92315,Drama,90,90,0
1032,M,50,16,19425,Drama,90,90,0
1031,M,35,16,19803,Comedy,90,90,0
1034,F,35,1,82601,Drama,90,90,1
1212,F,50,1,60089,Drama,90,90,1
631,M,35,17,28601,Comedy,90,90,0
1210,M,25,17,27519,Drama,90,90,0
1211,M,18,4,10027,Drama,90,90,0
634,F,1,10,49512,Drama,90,90,1
1217,M,25,12,94118,Drama,90,70,1
636,M,18,20,92055,Drama,90,80,1
1215,M,35,17,23602,Drama,90,90,0
638,M,25,6,77584,Drama,90,80,0
1218,M,56,15,13207,Drama,90,90,0
4378,M,18,17,06040,Drama,90,90,0
5656,M,25,15,03755,Drama,90,90,0
5655,F,25,6,77054,Drama,90,90,0
3335,M,25,0,10023,Drama,90,90,1
5653,M,50,1,74105,Drama,90,90,0
2899,M,35,14,94133,Drama,90,90,1
2894,M,18,4,44130,Drama,90,90,1
783,M,25,4,53703,Drama,90,90,0
2893,M,25,1,94025,Drama,90,90,0
1106,M,18,4,90241,Drama,90,90,1
1455,F,45,0,92126,Drama,90,90,0
1104,M,35,11,10023,Drama,90,90,0
1450,M,18,4,94704,Drama,90,90,0
1103,F,45,7,60605,Drama,90,90,1
1100,M,25,0,60090,Drama,90,90,1
1101,M,35,1,06417,Comedy,90,85,1
4457,M,35,14,95492,Drama,90,90,1
1458,M,1,0,08055,Drama,90,90,1
1459,F,25,0,80027,Drama,90,70,1
1109,M,18,10,45904,Drama,90,90,1
3869,M,18,17,63544,Drama,90,90,0
1725,M,18,19,67218,Drama,90,70,1
4085,F,25,6,79416,Drama,90,90,0
4086,F,1,10,55391,Drama,90,90,0
4089,M,25,7,79416,Drama,90,90,1
3861,M,18,4,12604,Drama,90,90,1
4459,M,25,1,28027,Drama,90,70,1
5728,F,35,20,09824,Drama,90,90,0
5729,M,18,10,99016,Drama,90,80,1
4909,F,35,12,94014,Drama,90,90,0
5722,M,25,20,48103,Drama,90,80,1
5726,M,25,1,77845,Drama,90,90,1
5724,M,25,15,94102,Drama,90,90,1
5725,M,18,2,10018,Drama,90,80,0
3912,M,25,4,19104,Drama,90,90,1
3910,M,25,20,91505,Drama,90,90,1
4692,F,25,7,78703,Drama,90,90,1
3932,M,25,7,49221,Drama,90,70,0
4791,M,18,4,55116,Drama,90,90,1
5836,M,25,0,91604,Drama,90,90,1
5835,F,35,0,55406,Drama,90,60,1
5832,F,25,0,78240,Drama,90,90,1
4155,M,50,17,85712,Drama,90,75,1
217,M,18,4,22903,Drama,90,90,1
215,M,35,14,92075,Drama,90,90,0
3094,M,35,0,30030,Drama,90,80,1
957,M,35,1,29706,Drama,90,90,0
5903,M,25,11,06851,Drama,90,90,1
5900,M,25,7,60628,Drama,90,60,1
3483,F,45,7,30260,Comedy,90,90,0
3482,M,50,17,08043,Drama,90,90,0
3487,M,18,4,60611,Drama,90,90,0
4560,M,25,0,69301,Drama,90,90,1
4566,M,35,17,19473,Drama,90,90,1
3646,M,35,20,98106,Drama,90,90,0
3645,M,35,17,97232,Comedy,90,90,0
2550,M,50,7,37931,Drama,90,90,0
2552,F,25,9,29369,Drama,90,80,0
2555,M,56,7,10522,Drama,90,90,1
2556,M,25,4,02430,Drama,90,70,0
2557,F,18,19,02452,Drama,90,90,1
2559,M,18,10,53207,Drama,90,90,0
2395,M,35,7,08021,Drama,90,90,0
2391,M,50,18,13126,Drama,90,90,1
3001,M,18,4,94704,Drama,90,90,1
5011,M,18,4,64154,Drama,90,90,1
5014,M,45,0,92626,Drama,90,90,0
2770,M,35,1,14260,Drama,90,90,1
2771,M,18,1,92037,Drama,90,90,1
2772,M,35,17,10025,Drama,90,90,0
3002,M,45,11,90028,Drama,90,90,0
2775,F,18,4,90038,Drama,90,60,1
2776,M,25,14,22205,Drama,90,90,0
1859,F,25,4,66049,Drama,90,80,1
5693,F,25,4,90034,Drama,90,80,0
1850,M,18,5,12582,Drama,90,90,1
1851,M,25,19,59602,Drama,90,90,0
4412,M,18,4,16802,Comedy,90,90,1
1856,M,56,7,92065,Drama,90,90,1
1857,M,1,10,92106,Drama,90,90,0
2176,M,1,19,73505,Comedy,90,90,0
2174,M,50,12,87505,Drama,90,85,1
2175,M,25,4,99217,Drama,90,90,0
3941,M,45,17,40031,Comedy,90,90,0
917,M,50,6,92117,Drama,90,80,1
2179,F,25,0,28304,Drama,90,90,1
4961,M,25,7,46220,Drama,90,90,1
2607,F,56,0,48178,Drama,90,90,1
2602,M,45,12,92104,Drama,90,70,0
5430,F,45,1,26505,Drama,90,90,0
1933,M,18,19,94703,Drama,90,90,0
1932,M,25,7,94114,Drama,90,90,0
1931,M,25,2,94114,Drama,90,80,1
1930,M,25,15,94550,Comedy,90,90,0
5128,M,50,7,94709,Drama,90,80,0
1936,M,35,0,90026,Drama,90,70,0
3269,F,18,20,45220,Drama,90,90,0
5126,M,25,11,02453,Drama,90,90,0
1938,F,25,2,91351,Drama,90,90,0
5120,M,50,7,80302,Drama,90,90,1
846,M,25,5,80209,Drama,90,90,0
845,F,18,0,20009,Drama,90,90,1
843,M,25,7,49321,Drama,90,90,1
933,M,45,1,49419,Drama,90,90,1
848,M,25,15,94121,Drama,90,90,0
1739,M,56,16,77079,Drama,90,90,0
5239,M,35,7,07043,Drama,90,90,0
5230,M,25,12,91104,Drama,90,90,1
5232,M,25,4,14607,Drama,90,90,1
5233,M,25,5,97213,Drama,90,90,0
1735,M,18,20,30605,Drama,90,90,0
5235,M,25,4,14607,Drama,90,90,1
1737,M,35,20,46614,Drama,90,90,0
1736,M,56,8,00606,Drama,90,90,1
752,F,25,3,97401,Drama,90,90,0
750,F,35,9,13066,Drama,90,60,0
757,M,25,12,97401,Drama,90,90,1
759,F,56,3,89156,Drama,90,80,0
3780,M,1,0,46979,Drama,90,90,1
3070,F,18,4,10708,Drama,90,65,1
1594,F,35,20,10013,Drama,90,90,1
1596,F,18,5,48108,Drama,90,80,0
1591,M,50,7,26501,Drama,90,90,0
2959,M,35,17,06074,Drama,90,90,0
1593,M,25,16,78411,Drama,90,90,1
3077,M,18,4,43202,Drama,90,90,0
2957,M,18,4,48104,Drama,90,80,0
2950,M,18,0,72761,Comedy,90,90,0
2952,M,25,4,06511,Drama,90,90,0
2953,M,25,20,23225,Drama,90,90,0
1024,F,35,1,74135,Drama,90,90,1
1027,M,18,4,77005,Drama,90,90,0
5340,F,50,3,95032,Drama,90,90,0
1020,M,18,20,93455,Drama,90,90,0
1023,M,56,13,92675,Drama,90,85,1
1029,M,25,0,20015,Drama,90,90,1
1028,F,45,7,03848,Drama,90,60,1
1209,M,35,7,94127,Drama,90,75,1
4360,F,25,9,98001,Drama,90,90,0
603,F,25,6,32256,Drama,90,90,0
4362,M,25,17,85016,Drama,90,90,1
1205,F,56,0,46814,Drama,90,70,0
1204,M,25,7,95076,Drama,90,90,1
1206,F,50,7,33764,Drama,90,90,0
609,M,25,7,10012,Drama,90,90,0
608,M,18,4,18011,Drama,90,80,1
1203,F,25,1,06417,Drama,90,80,1
5648,M,25,17,48473,Drama,90,90,0
1216,M,25,2,90292,Drama,90,90,1
5643,F,35,1,84108,Drama,90,90,0
5645,M,25,2,87123,Comedy,90,90,0
3108,M,50,6,22039,Drama,90,90,0
3109,F,25,11,43201,Drama,90,85,0
3104,M,18,17,02118,Drama,90,70,1
3105,M,35,12,98166,Drama,90,90,1
3100,F,25,6,91423,Drama,90,60,0
1110,F,56,6,77005,Drama,90,65,1
1112,M,18,6,19104,Drama,90,90,0
1443,M,35,2,98055,Drama,90,70,1
1442,M,18,2,12345,Drama,90,90,0
1117,M,18,14,10017,Drama,90,90,0
3707,F,18,0,34744,Drama,90,90,1
1449,M,35,20,17112,Drama,90,90,1
1448,F,25,3,17522,Drama,90,90,1
4093,M,25,4,70806,Drama,90,90,1
4090,M,56,6,77379,Drama,90,70,1
4095,M,25,0,10013,Drama,90,90,0
4094,M,25,17,49017,Drama,90,90,1
4098,M,35,7,53150,Comedy,90,90,1
5734,F,25,14,10022,Drama,90,90,1
3704,F,35,0,04255,Drama,90,90,0
4586,M,25,4,01604,Drama,90,60,1
4850,F,45,3,44555,Drama,90,90,1
3922,M,18,4,53211,Drama,90,90,0
4780,M,25,12,94114,Drama,90,90,0
5821,M,25,15,02139,Drama,90,70,0
5820,M,45,0,43615,Drama,90,60,0
4148,F,35,7,55021,Drama,90,90,1
4147,F,50,7,02889,Comedy,90,90,1
3854,M,25,14,30340,Drama,90,90,0
3855,M,25,17,20886,Drama,90,90,0
5919,M,18,0,47933,Drama,90,70,0
5915,M,18,4,58102,Drama,90,90,0
5911,F,25,17,80301,Drama,90,90,0
2896,M,18,14,60073,Comedy,90,90,0
199,M,18,4,83706,Drama,90,90,1
194,F,1,10,29146,Drama,90,90,1
191,M,18,4,04915,Drama,90,90,1
3672,M,35,5,08406,Drama,90,90,0
3673,M,25,2,10003,Drama,90,90,1
4555,F,18,9,73008,Drama,90,90,0
4552,M,25,0,22306,Drama,90,90,0
2543,F,35,0,42420,Drama,90,80,1
1454,M,18,4,93117,Drama,90,80,1
2546,F,56,13,37931,Drama,90,80,0
1107,F,50,1,02324,Drama,90,90,0
3006,M,18,4,45750,Drama,90,90,0
2549,M,56,13,37938,Drama,90,90,1
2548,F,35,6,37919,Drama,90,70,1
1456,M,25,2,98074,Drama,90,90,0
2383,F,25,14,95125,Comedy,90,90,0
3582,F,35,0,52405,Drama,90,90,0
2768,M,25,17,90210,Drama,90,90,0
5005,M,45,16,92807,Drama,90,90,0
5008,M,25,20,60615,Drama,90,90,0
1849,M,35,7,11747,Drama,90,90,0
1843,M,25,12,10014,Drama,90,70,0
1842,M,18,4,53190,Drama,90,90,0
1841,M,18,0,95037,Drama,90,90,1
1840,M,25,12,11217,Drama,90,85,1
1847,M,18,4,60047,Drama,90,70,1
1845,M,25,2,10002,Drama,90,90,1
4958,M,18,7,55403,Drama,90,90,1
4959,M,25,17,23454,Drama,90,90,0
2169,M,1,0,95451,Drama,90,60,0
2164,M,35,0,95826,Drama,90,90,0
4957,M,25,2,48197,Drama,90,90,1
4954,M,45,0,92679,Drama,90,90,0
4955,M,56,13,55804,Drama,90,90,0
2619,M,35,12,95677,Drama,90,90,1
3256,M,25,15,92111,Drama,90,90,0
1908,M,56,13,95129,Drama,90,90,0
1906,F,25,5,91311,Drama,90,70,0
1907,M,35,17,94804,Drama,90,90,1
1905,F,35,20,94118,Drama,90,90,0
3291,F,25,7,27516,Drama,90,80,1
5131,F,25,1,77707,Drama,90,90,1
1901,M,50,7,94024,Drama,90,90,1
3452,M,25,14,07702,Drama,90,90,0
850,M,35,0,60640,Drama,90,90,0
3454,M,18,0,92122,Drama,90,90,1
5229,M,25,0,60173,Drama,90,90,1
5223,M,56,10,11361,Drama,90,90,1
5220,M,25,7,91436,Drama,90,90,1
5227,M,18,10,64050,Drama,90,90,0
744,M,25,17,77007,Drama,90,90,1
747,M,18,4,98606,Drama,90,90,0
748,M,25,0,60098,Drama,90,90,1
3061,M,45,2,29440,Drama,90,70,1
3060,F,35,1,92705,Drama,90,90,1
3065,F,18,4,48135,Drama,90,90,0
2946,M,35,16,92630,Drama,90,90,1
2944,F,18,4,48104,Drama,90,85,0
2943,M,35,12,95864,Drama,90,90,1
2940,M,25,0,02143,Drama,90,90,0
1052,F,35,2,75214,Drama,90,90,0
5354,F,45,3,78759,Drama,90,90,0
1054,M,1,10,75040,Drama,90,90,1
5350,M,18,5,55344,Drama,90,90,1
1058,M,25,1,97321,Drama,90,90,1
5359,M,18,16,27705,Drama,90,90,1
1696,M,35,7,95765,Drama,90,90,0
1697,F,18,4,98052,Comedy,90,90,0
1694,M,25,12,98116,Comedy,90,90,1
1695,M,25,1,97206,Drama,90,90,1
1692,M,35,20,97333,Drama,90,80,0
2919,M,18,17,88076,Drama,90,90,0
1791,M,18,4,19146,Drama,90,90,1
1698,M,35,2,97214,Drama,90,90,0
1699,F,25,19,98102,Drama,90,90,1
1279,M,35,1,98502,Drama,90,90,1
618,M,25,0,74105,Drama,90,90,0
619,F,18,1,94706,Drama,90,80,0
4314,M,25,17,79925,Drama,90,80,1
1734,M,45,17,94602,Drama,90,90,1
612,M,50,7,95020,Drama,90,90,1
713,M,35,7,79912,Drama,90,90,1
1272,M,18,20,49506,Drama,90,90,0
1273,M,35,2,19123,Drama,90,90,0
1275,M,50,17,39567,Drama,90,90,1
615,M,50,17,32951,Drama,90,90,0
3116,M,25,12,98034,Drama,90,90,0
3115,M,35,17,48323,Drama,90,90,1
5463,M,35,0,53202,Drama,90,90,0
3110,M,25,0,10002,Drama,90,90,1
1472,M,25,7,90248,Drama,90,90,0
1470,M,18,4,94118,Drama,90,90,1
1471,M,25,17,11106,Drama,90,90,1
1476,F,18,0,91030,Drama,90,90,1
1474,M,25,4,98115,Drama,90,90,1
3260,M,25,4,44514,Drama,90,90,0
1304,M,25,14,97203,Drama,90,90,0
1300,M,1,10,97201,Drama,90,80,0
1301,F,25,2,10475,Drama,90,90,0
1302,M,18,4,85282,Drama,90,90,0
1303,M,25,19,94111,Drama,90,90,0
1308,M,1,10,75082,Drama,90,90,1
5741,M,50,13,60622,Drama,90,70,0
5742,F,25,12,20850,Drama,90,90,1
5745,F,18,4,90024,Drama,90,90,1
495,M,18,10,55421,Comedy,90,90,0
4226,F,35,6,76021,Drama,90,65,1
24,F,25,7,10023,Drama,90,90,0
27,M,25,11,19130,Drama,90,70,1
20,M,25,14,55113,Drama,90,70,0
22,M,18,15,53706,Drama,90,90,1
5309,M,25,0,02478,Drama,90,70,1
2598,M,25,17,20866,Drama,90,80,1
3930,M,56,3,52240,Drama,90,90,1
3933,F,35,6,48073,Comedy,90,90,1
2599,M,25,12,53154,Drama,90,90,0
4138,M,25,7,91423,Drama,90,80,1
4130,M,35,6,48439,Drama,90,90,1
4131,M,45,7,97720,Drama,90,90,0
4134,F,45,12,85283,Drama,90,60,0
5300,M,25,20,94111,Drama,90,90,1
5690,M,18,4,78666,Drama,90,80,1
4436,M,25,12,19067,Drama,90,90,1
3844,M,18,4,73071,Drama,90,90,0
3849,M,35,0,14086,Drama,90,80,1
4612,F,18,4,94702,Drama,90,70,0
4433,M,25,0,43081,Drama,90,90,0
4432,M,25,12,21045,Drama,90,75,1
5305,F,18,4,95602,Drama,90,90,1
4047,M,18,4,30606,Drama,90,90,1
5965,M,25,17,77449,Drama,90,90,1
5966,F,35,9,10021,Drama,90,90,1
2288,M,1,10,13066,Drama,90,90,0
3667,F,1,10,10706,Comedy,90,90,1
3661,M,35,12,08852,Action,90,90,1
3660,M,35,7,15137,Drama,90,90,0
2050,F,35,3,99504,Drama,90,90,0
2281,M,45,11,48104,Drama,90,90,1
2285,F,1,10,13090,Drama,90,90,1
2286,M,35,17,82604,Drama,90,90,1
5582,M,45,1,50011,Drama,90,80,0
4460,M,25,14,70005,Drama,90,90,1
4547,M,18,12,02115,Drama,90,90,1
972,M,45,1,02138,Drama,90,90,0
4828,F,18,20,60194,Drama,90,90,0
2574,M,50,6,06511,Drama,90,60,1
4829,M,25,0,20008,Drama,90,90,1
2570,F,56,14,95005,Drama,90,90,0
2378,M,25,3,75150,Drama,90,90,0
4461,M,25,20,81101,Drama,90,90,1
2375,F,50,7,13027,Drama,90,90,0
2372,F,45,7,01602,Drama,90,60,1
4329,F,25,14,78232,Drama,90,90,0
2596,M,50,7,48152,Drama,90,90,1
2597,F,50,0,95616,Drama,90,75,1
2590,M,18,4,94044,Drama,90,90,1
2591,M,18,1,50310,Drama,90,80,1
5038,M,25,20,10010,Drama,90,80,0
5039,F,35,4,97068,Drama,90,90,0
5035,F,25,17,19810,Drama,90,90,0
5032,M,18,17,02139,Drama,90,90,0
5033,F,56,13,60506,Drama,90,80,0
5031,F,25,4,89431,Drama,90,70,1
1875,M,35,12,94107,Drama,90,80,1
1872,M,50,20,92106,Drama,90,70,1
1873,M,35,7,02127,Drama,90,90,1
1870,M,56,13,85248,Comedy,90,90,0
1871,F,45,1,46774,Drama,90,90,0
1878,M,1,10,92846,Drama,90,90,1
4947,M,35,17,90035,Drama,90,90,1
4946,F,35,1,91106,Drama,90,90,1
973,F,25,1,80026,Drama,90,90,1
597,M,35,12,80206,Drama,90,80,0
183,F,45,1,55407,Drama,90,90,0
180,M,45,12,01603,Drama,90,60,0
2119,M,35,4,10036,Drama,90,90,0
6040,M,25,6,11106,Drama,90,90,0
181,M,18,17,33186,Drama,90,90,1
186,M,18,5,91767,Drama,90,90,1
185,M,45,0,14468,Drama,90,90,1
2622,F,35,6,27516,Drama,90,90,1
2621,M,18,0,46304,Comedy,90,90,1
2624,F,35,0,44313,Drama,90,90,1
1919,M,1,0,94525,Drama,90,90,0
1918,F,45,6,95209,Drama,90,90,1
5108,F,25,9,93940,Drama,90,90,1
4151,M,45,20,43201,Drama,90,60,0
3288,M,25,14,94133,Drama,90,90,0
1911,F,18,4,92805,Drama,90,70,1
5103,F,35,16,78222,Drama,90,90,1
5106,F,35,1,19348,Drama,90,90,1
1914,F,35,14,95051,Drama,90,90,1
1917,M,18,10,92704,Drama,90,90,1
1916,M,45,7,90405,Drama,90,90,1
3441,F,25,14,94109,Drama,90,90,0
2756,M,18,4,97331,Drama,90,90,0
2025,M,56,13,03440,Drama,90,90,1
2752,M,25,15,77006,Drama,90,90,0
2023,M,18,4,56001,Drama,90,90,0
2028,M,45,6,44131,Drama,90,90,0
2758,M,56,8,12436,Drama,90,80,0
882,M,18,2,01720,Drama,90,90,0
887,F,56,16,55345,Drama,90,90,0
886,F,56,0,14830,Drama,90,80,0
885,M,35,0,48105,Drama,90,90,0
889,M,45,20,10024,Drama,90,90,1
5217,M,25,17,01060,Drama,90,90,0
5210,F,35,17,60618,Drama,90,80,0
5211,M,25,1,40214,Drama,90,90,1
5218,M,18,0,89129,Drama,90,80,1
5219,M,18,4,94706,Drama,90,90,0
3386,M,18,4,55414,Drama,90,90,1
771,F,50,1,75087,Drama,90,80,1
770,M,18,4,98499,Drama,90,90,0
773,M,25,6,48108,Drama,90,80,0
772,M,18,12,89118,Drama,90,90,0
778,M,18,17,32694,Drama,90,90,1
75,F,1,10,01748,Drama,90,90,0
73,M,18,4,53706,Comedy,90,90,0
71,M,25,14,95008,Drama,90,80,0
70,M,18,4,53703,Drama,90,75,0
2972,M,25,4,97330,Drama,90,90,1
3054,M,18,4,44056,Drama,90,90,1
3052,M,35,12,10036,Drama,90,70,1
79,F,45,0,98103,Drama,90,90,0
78,F,45,1,98029,Drama,90,90,0
1043,F,50,11,87004,Drama,90,90,1
1040,M,25,11,76309,Drama,90,90,0
1047,M,18,0,62225,Drama,90,90,0
5367,M,18,4,55344,Drama,90,90,1
1045,F,1,10,77477,Drama,90,90,1
1044,M,25,20,72701,Drama,90,70,0
1049,M,45,14,95002,Drama,90,90,1
1048,M,35,6,75225,Drama,90,90,1
1680,M,25,20,95380,Drama,90,90,1
1683,F,25,7,98109,Drama,90,90,0
1684,M,18,3,85226,Drama,90,80,0
1687,M,25,3,85013,Drama,90,90,0
1689,M,35,5,98465,Drama,90,90,1
1688,F,18,4,34243,Drama,90,90,0
1268,M,50,2,10028,Drama,90,90,1
4306,M,45,7,67301,Drama,90,90,1
669,M,25,17,30307,Drama,90,90,0
668,F,25,3,22042,Drama,90,90,1
666,F,18,0,08540,Drama,90,90,1
1261,M,18,4,40205,Drama,90,90,1
662,M,18,4,99163,Drama,90,90,0
661,M,45,1,13114,Drama,90,80,0
660,M,45,16,70507,Drama,90,90,0
3287,M,56,13,27514-3540,Drama,90,65,1
1915,M,50,13,01938,Drama,90,80,0
3124,M,25,12,30337,Drama,90,80,1
8,M,25,12,11413,Drama,90,90,0
1466,M,18,4,29201,Drama,90,90,1
1463,M,50,16,92612-3417,Drama,90,90,1
1317,M,45,7,98028,Drama,90,80,0
1316,M,50,2,50310,Drama,90,90,1
1315,M,35,7,75214,Drama,90,90,0
1314,F,18,4,68154,Drama,90,90,1
1313,M,18,4,43214,Drama,90,80,1
1312,M,25,14,60153,Drama,90,90,1
1311,M,18,10,90274,Drama,90,90,0
5753,M,18,17,78758,Drama,90,90,1
5750,M,18,1,04101,Drama,90,70,1
5757,M,1,10,05667,Comedy,90,90,1
4239,M,50,7,52402,Drama,90,90,1
5758,F,50,1,29642,Drama,90,90,1
4232,F,35,20,75287,Drama,90,80,1
5591,M,18,0,10009,Drama,90,80,1
5595,M,25,20,90027,Drama,90,90,1
5599,M,35,7,90020,Drama,90,90,1
319,F,50,6,33436,Drama,90,80,1
312,F,50,2,22207,Drama,90,90,1
311,M,18,4,31201,Drama,90,90,1
4217,M,18,4,18042,Comedy,90,90,0
4210,M,25,17,85710,Drama,90,90,1
4198,M,18,4,80631,Drama,90,80,1
2757,M,25,2,10023,Drama,90,60,1
4123,F,25,4,46807,Drama,90,90,0
4122,M,18,19,82070,Drama,90,90,0
4125,M,35,2,13676,Drama,90,90,0
5689,M,25,0,84119,Drama,90,90,0
5684,M,18,16,94110,Drama,90,90,1
5680,M,50,20,94117,Drama,90,90,0
3840,F,25,0,02176,Drama,90,90,0
4701,M,45,17,18036,Drama,90,80,1
4050,M,35,6,60061,Drama,90,65,1
4458,F,25,4,15701-2017,Drama,90,90,0
4058,M,25,6,73118,Drama,90,90,1
5979,M,25,1,43214,Drama,90,70,1
405,M,56,1,13077,Drama,90,80,1
3843,F,1,10,32043,Drama,90,90,1
4361,M,35,15,83616,Drama,90,90,1
5976,F,25,1,26542,Drama,90,90,0
5975,M,25,14,55104,Drama,90,90,0
2297,M,56,13,52003,Drama,90,60,1
2560,F,45,6,84318,Drama,90,90,1
2567,M,25,0,06451,Drama,90,90,0
2368,F,56,13,13057,Drama,90,85,1
2363,M,50,14,95823,Drama,90,80,0
2362,M,25,14,94110,Drama,90,60,0
5029,M,25,4,70115,Drama,90,90,0
2582,F,25,1,97201,Drama,90,60,1
5021,M,50,6,90504,Drama,90,90,0
5020,F,56,13,90241,Drama,90,90,1
1612,M,25,17,11354,Drama,90,90,1
2588,F,56,13,78737,Drama,90,90,1
1861,M,50,16,92129,Drama,90,90,0
1863,M,18,4,90048,Drama,90,80,0
4443,M,56,2,91321,Drama,90,60,0
1865,F,18,1,94606,Drama,90,90,0
1867,M,50,7,95008,Drama,90,90,1
1866,M,25,7,94043,Comedy,90,90,0
1869,M,45,14,95148,Drama,90,90,0
3720,M,45,7,43065,Drama,90,90,1
4686,M,18,1,50201,Drama,90,80,0
4931,M,50,17,90031,Drama,90,90,0
4684,F,25,0,04473,Drama,90,70,0
4933,M,25,15,94040,Drama,90,90,0
961,M,18,10,10016,Drama,90,80,1
962,F,25,1,80020,Drama,90,60,0
968,M,50,12,94530,Drama,90,60,0
969,F,25,11,19103,Drama,90,90,1
2100,F,25,0,24017,Drama,90,90,1
2105,M,25,1,24060,Drama,90,90,0
5116,M,35,6,95521,Drama,90,60,0
5111,M,35,2,78006,Drama,90,90,1
5110,M,35,15,78250,Drama,90,80,1
2634,M,56,1,15701,Drama,90,90,0
2636,M,18,12,78750,Drama,90,90,1
1537,M,18,20,02446,Drama,90,80,1
640,M,18,4,47406,Drama,90,70,1
877,M,25,0,90631,Drama,90,90,0
873,M,56,6,19027,Drama,90,90,1
4592,M,18,4,66044,Drama,90,90,1
2740,M,45,17,22181,Drama,90,90,0
2742,M,25,17,36092,Drama,90,70,1
2747,F,18,4,90025,Drama,90,90,0
2746,M,50,14,50265-2850,Drama,90,90,1
4844,M,45,7,03840,Drama,90,90,1
3096,F,45,3,38028,Drama,90,90,0
4841,M,25,12,94114,Drama,90,90,0
2039,M,50,16,60060,Drama,90,90,1
894,M,18,4,31602,Drama,90,90,0
895,M,50,1,34683,Drama,90,90,1
896,M,18,15,94015,Drama,90,70,0
897,M,25,6,92130,Drama,90,90,0
1530,M,25,4,53711,Drama,90,90,0
4968,F,50,20,95404,Drama,90,80,0
5200,F,35,15,43065,Drama,90,90,1
5207,M,25,0,98102,Drama,90,80,0
1248,F,35,20,94598,Drama,90,90,0
1968,M,25,11,85258,Drama,90,80,1
3545,M,35,12,92507,Drama,90,80,0
641,F,35,0,55116,Drama,90,90,0
430,F,18,10,55306,Drama,90,90,0
5194,M,25,7,55409,Drama,90,90,1
2965,F,35,4,48103,Drama,90,60,1
2967,M,25,0,94110,Drama,90,85,1
2966,F,25,4,48104,Drama,90,90,0
2961,M,50,17,91977,Drama,90,70,1
2963,F,18,4,48104,Drama,90,90,1
1781,F,35,0,08009,Drama,90,90,1
1783,M,18,4,10027,Drama,90,70,1
2969,M,25,7,06851,Drama,90,70,0
2968,F,18,0,48104,Drama,90,70,1
5190,F,35,0,85024,Drama,90,90,1
3049,F,50,0,02421,Drama,90,90,0
3048,M,18,2,02066,Drama,90,85,1
5193,M,35,12,14619,Drama,90,90,1
3040,M,25,8,22046,Drama,90,70,0
3047,F,25,4,94117,Drama,90,65,0
1078,F,45,9,95661,Drama,90,90,0
5375,M,25,0,02131,Drama,90,60,1
5377,F,18,3,10017,Drama,90,90,0
1072,F,35,7,07601,Drama,90,90,1
5370,M,25,12,98074,Drama,90,80,0
5372,M,25,4,10549,Drama,90,75,1
1678,F,18,17,97070,Drama,90,90,0
1675,F,25,6,97116,Drama,90,90,1
1676,M,18,4,91301,Drama,90,90,1
1670,F,56,13,95320,Drama,90,70,1
1672,M,25,17,93933,Drama,90,90,1
1673,M,1,10,98043-3621,Drama,90,90,0
1094,F,18,0,92626,Drama,90,90,1
1095,F,56,6,08753,Drama,90,70,1
678,M,25,0,34952,Drama,90,90,1
679,M,35,16,29681,Drama,90,90,0
1092,F,18,4,49525,Drama,90,80,1
674,M,25,17,22042,Drama,90,90,0
4334,M,25,1,70458,Drama,90,90,1
670,M,25,12,30303,Drama,90,90,1
1099,M,25,17,77059,Drama,90,90,0
673,M,25,20,10023,Drama,90,90,0
5182,F,35,7,55441,Drama,90,90,1
1419,F,25,1,95336,Drama,90,90,0
1412,M,25,17,94089,Drama,90,90,1
1414,M,18,4,85035,Drama,90,90,1
1322,M,56,0,94043,Drama,90,90,1
1326,F,25,0,98115,Drama,90,90,1
1328,M,35,14,60657,Drama,90,90,1
1329,M,18,14,60194,Drama,90,90,1
4208,F,35,0,90403,Drama,90,80,0
5769,M,45,14,05602,Drama,90,90,0
5766,M,56,14,96744,Drama,90,80,1
5767,M,25,2,75287,Drama,90,90,1
4200,M,45,7,10543,Drama,90,90,1
5,M,25,20,55455,Comedy,90,90,1
5760,M,18,12,10549,Drama,90,70,1
5761,M,25,20,90048,Drama,90,90,1
5564,M,45,20,02446,Drama,90,70,1
5566,M,35,7,20901,Drama,90,90,0
5562,F,35,1,54650,Drama,90,90,0
1256,M,25,20,10002,Drama,90,90,1
1525,F,25,16,94706,Drama,90,70,0
1254,F,18,1,02144,Drama,90,90,1
1527,M,18,10,78230,Drama,90,90,0
1520,M,25,17,94506,Drama,90,90,0
1522,M,35,20,10025,Drama,90,90,1
1523,M,25,17,95209,Drama,90,80,0
1528,M,25,15,94903,Drama,90,80,1
1529,M,18,4,97266,Drama,90,70,1
5186,M,35,12,96555,Drama,90,60,0
4113,M,35,17,58503,Drama,90,90,0
4119,M,50,1,39401,Drama,90,80,1
4634,M,50,20,98119,Drama,90,70,1
5187,M,18,16,06510,Drama,90,90,0
3058,M,18,12,55123,Drama,90,90,1
3059,M,35,0,75023,Drama,90,80,0
3056,M,25,18,10309,Drama,90,90,0
989,M,50,0,20706,Drama,90,80,1
5947,F,45,16,97215,Drama,90,90,0
4066,M,25,0,19010,Comedy,90,90,0
5941,F,25,0,60640,Drama,90,90,1
5785,F,25,7,60607,Drama,90,90,0
5780,M,18,17,92886,Drama,90,90,1
5783,F,45,1,92106,Drama,90,90,1
4639,M,35,11,20895,Drama,90,90,1
2975,M,35,11,20879,Drama,90,80,1
4890,F,25,1,79928,Drama,90,90,1
5361,F,50,16,92026,Drama,90,90,0
5365,M,18,12,90250,Drama,90,90,1
2359,M,56,13,13685,Drama,90,70,1
2353,F,35,9,61270,Drama,90,90,0
2354,M,35,11,94306,Drama,90,80,0
1898,M,25,12,91101,Drama,90,90,0
1899,F,45,6,02135,Drama,90,90,1
3738,M,45,7,01904-1355,Drama,90,80,0
1895,M,35,14,89119,Drama,90,90,1
1896,M,56,13,92115,Drama,90,70,0
1897,F,50,2,94530,Drama,90,90,1
1890,M,50,6,94702,Drama,90,90,0
3732,M,25,17,60153,Drama,90,90,1
2137,F,1,10,00681,Drama,90,90,0
2135,M,50,1,01778,Drama,90,90,1
4926,M,1,10,55616,Drama,90,60,0
955,F,50,7,94941,Drama,90,90,1
2138,F,18,4,88119,Drama,90,90,0
2139,F,50,3,33615,Drama,90,80,1
6028,M,18,4,94133,Drama,90,90,0
6029,F,25,1,23185,Drama,90,80,1
6020,M,50,16,10023,Drama,90,70,1
6021,M,25,12,08876,Drama,90,90,1
6022,M,25,17,57006,Drama,90,80,0
6024,M,25,12,53705,Drama,90,90,0
6025,F,25,1,32607,Drama,90,80,1
6027,M,18,4,20742,Comedy,90,90,0
2649,M,25,16,80126,Drama,90,90,0
5168,M,35,7,01720,Drama,90,90,0
5169,F,50,4,53562,Drama,90,90,0
2643,M,45,17,99005,Drama,90,90,1
2644,M,18,15,45215,Drama,90,70,1
2645,M,25,7,60657,Drama,90,90,0
2646,M,45,17,18049,Drama,90,60,1
3420,F,25,7,48105,Drama,90,90,1
2002,F,56,13,02136-1522,Comedy,90,90,1
4589,M,25,17,02139,Drama,90,90,1
2005,M,18,4,58601,Drama,90,90,0
4585,M,35,7,30324,Drama,90,90,0
4855,M,25,12,90034,Comedy,90,90,1
2009,F,35,7,60625,Drama,90,90,1
4852,M,35,0,42025,Drama,90,90,1
4582,F,25,0,55408,Drama,90,90,1
4300,F,18,4,98125,Drama,90,90,0
3555,M,56,7,55430,Drama,90,90,1
4305,F,45,17,27616,Drama,90,90,1
3550,M,25,5,55447,Drama,90,90,1
3559,M,18,4,11364,Drama,90,90,0
665,M,18,2,13317,Drama,90,70,0
2910,M,1,19,75602,Drama,90,90,0
1799,M,35,11,70118,Drama,90,90,1
2914,M,25,4,92614,Drama,90,70,0
719,M,1,0,75070,Drama,90,90,1
718,M,18,2,90211,Drama,90,90,0
717,M,25,11,90211,Comedy,90,90,1
716,M,18,4,98188,Drama,90,90,1
715,M,18,0,53715,Drama,90,90,0
714,M,18,4,76013,Drama,90,90,0
1797,M,35,7,52003,Drama,90,90,1
711,M,25,18,80521,Drama,90,80,1
1794,M,25,11,20878,Drama,90,90,1
4965,M,1,10,63123-1507,Comedy,90,90,1
1069,M,25,20,98105,Drama,90,90,0
1068,F,18,4,77581,Comedy,90,90,1
916,F,25,1,92084,Drama,90,90,0
1061,M,45,0,46060,Drama,90,80,0
1060,M,18,10,11235,Drama,90,90,1
1063,M,35,7,50265,Drama,90,90,0
1062,M,50,19,59457,Drama,90,90,1
5304,F,35,9,55410,Drama,90,60,1
1064,M,25,7,91344,Drama,90,70,0
1067,M,35,12,94402,Drama,90,90,1
1066,M,45,12,02151,Drama,90,90,1
4075,M,25,16,47901,Drama,90,90,1
1669,F,25,17,75006,Drama,90,90,1
1668,M,35,2,95602,Drama,90,90,1
1667,M,50,16,98516,Drama,90,90,0
1666,M,25,14,15241,Drama,90,90,1
1665,M,45,17,87505,Drama,90,90,0
1663,M,18,4,77845,Drama,90,90,0
1662,M,25,12,94121,Drama,90,80,0
1661,M,35,7,80526,Drama,90,90,1
1087,M,25,16,08826,Drama,90,90,1
1085,M,25,7,34695,Drama,90,90,0
1084,M,1,19,03226,Drama,90,90,1
1083,M,56,0,27705,Drama,90,70,0
594,F,56,13,60076,Drama,90,90,0
1081,M,18,4,68144-2410,Drama,90,90,1
1080,M,56,7,08854,Drama,90,90,0
1088,F,1,10,98103,Drama,90,90,1
3148,M,18,20,72837,Drama,90,90,1
2820,F,35,0,02138,Drama,90,85,0
2821,M,18,20,10036,Drama,90,70,0
5414,M,1,10,07652,Drama,90,90,0
3387,M,18,1,94706,Drama,90,90,1
5412,M,25,12,97330,Drama,90,90,0
5413,M,35,1,59801,Drama,90,90,0
5418,F,25,0,53589,Drama,90,90,0
1409,M,18,4,97215,Drama,90,90,1
3965,M,18,11,65202,Drama,90,90,1
1400,M,25,7,92130,Drama,90,90,0
1406,M,25,4,91911,Drama,90,60,0
1404,M,50,16,91360,Drama,90,90,0
449,M,25,7,85037,Drama,90,60,1
1339,M,35,18,85275,Drama,90,90,1
3960,F,35,14,55014,Drama,90,70,1
693,M,35,12,98103,Drama,90,90,1
1335,M,35,0,14228,Drama,90,90,0
1334,M,50,7,10805,Drama,90,80,1
1337,M,56,17,97146,Drama,90,70,1
1336,F,50,20,95051,Drama,90,90,1
1333,M,25,17,06460,Drama,90,70,0
5770,M,25,0,80231,Drama,90,80,0
3261,M,45,20,87505,Drama,90,90,0
39,M,18,4,61820,Drama,90,70,0
5578,F,18,1,02109,Drama,90,90,1
1541,M,56,17,23464-3016,Drama,90,75,0
36,M,25,3,94123,Drama,90,90,0
1241,M,1,10,11803,Drama,90,90,1
1536,F,35,3,83001,Drama,90,90,1
1534,M,50,12,12184,Drama,90,80,1
1245,M,25,17,80461,Drama,90,90,1
1244,M,25,4,22030,Drama,90,90,0
647,M,35,12,85224,Drama,90,90,0
646,M,35,7,08505,Comedy,90,90,1
649,M,25,4,80526,Comedy,90,85,1
648,F,25,12,94131,Drama,90,90,1
3098,M,25,4,55112,Drama,90,90,0
338,M,35,7,55116,Drama,90,90,1
336,M,18,0,98765,Drama,90,90,1
4625,M,25,7,92691,Drama,90,90,0
4104,M,18,16,42141,Drama,90,90,1
3898,M,45,11,01772,Drama,90,90,0
3892,M,25,20,91505,Drama,90,90,1
3891,F,56,16,90039,Drama,90,90,1
3894,M,35,16,02139,Drama,90,80,0
5950,M,25,4,19713,Drama,90,90,1
5952,F,45,1,78231,Drama,90,90,1
5955,F,25,7,34952,Drama,90,90,0
5959,F,18,4,14850,Comedy,90,90,1
4074,M,35,6,78746,Drama,90,90,1
4077,F,35,2,22030,Drama,90,90,1
4071,M,25,17,33823,Drama,90,70,1
4072,M,50,6,93111,Drama,90,90,1
5797,M,25,7,78757,Drama,90,90,0
5794,M,35,17,53703,Drama,90,90,1
3963,M,50,20,30030,Drama,90,90,1
5791,M,18,4,44074,Drama,90,90,0
5790,F,35,0,55303,Comedy,90,90,1
3968,M,25,2,02903,Drama,90,90,0
3638,M,25,2,90038,Drama,90,90,0
3637,M,25,6,94127,Drama,90,60,0
3635,M,50,1,60062,Drama,90,90,0
3505,F,25,15,55455,Drama,90,90,1
3506,M,18,12,80503,Drama,90,90,0
2346,F,1,10,48105,Drama,90,90,0
2349,M,25,8,50309,Drama,90,70,0
1888,M,35,12,95124,Drama,90,90,1
1887,M,56,15,92119,Drama,90,90,1
1886,M,25,12,94086,Drama,90,90,0
3701,M,35,1,92614,Drama,90,90,1
4462,F,25,0,60156,Drama,90,70,1
1882,M,35,16,92352,Drama,90,90,1
1881,M,35,2,95008,Drama,90,90,1
1880,M,35,0,91006,Drama,90,80,1
2120,M,1,0,02780,Drama,90,90,1
2122,M,35,12,61614,Drama,90,90,0
2125,M,35,3,46033,Drama,90,80,1
2124,M,25,0,12306,Drama,90,90,0
2128,F,45,1,46737,Drama,90,90,1
4913,F,25,1,970025,Drama,90,90,0
6039,F,45,0,01060,Drama,90,90,0
6033,M,50,13,78232,Drama,90,90,1
6032,M,45,7,55108,Drama,90,90,1
6031,F,18,0,45123,Drama,90,90,1
6030,M,25,17,32618,Drama,90,70,0
6037,F,45,1,76006,Drama,90,90,1
6034,M,25,14,94117,Drama,90,90,0
5173,M,1,10,60423,Drama,90,90,1
5172,F,35,11,05602,Drama,90,90,1
2659,M,35,14,01060,Drama,90,90,0
5170,M,18,4,63141,Drama,90,90,0
5177,M,45,14,30005,Drama,90,90,0
5176,M,1,10,60423,Drama,90,90,0
2651,M,56,14,11779,Drama,90,90,0
2650,M,45,7,75080,Drama,90,90,1
2655,M,35,7,66224,Drama,90,80,0
2654,F,35,9,48336,Drama,90,90,1
133,F,25,0,55071,Drama,90,80,0
132,M,25,17,99709,Drama,90,90,1
3414,M,25,17,75146,Drama,90,90,0
3412,M,25,18,85213,Drama,90,90,0
136,M,18,2,21202,Comedy,90,90,1
135,M,18,4,20006,Drama,90,90,1
138,M,18,20,22203,Drama,90,90,1
3418,F,18,3,22305,Drama,90,90,0
4234,F,45,3,48130,Drama,90,90,1
2019,M,50,1,27705,Drama,90,70,0
2014,M,18,4,53233,Drama,90,90,1
2013,M,45,0,60543,Comedy,90,90,0
2012,M,25,4,49456,Drama,90,80,0
1937,M,25,11,92335,Drama,90,90,1
3277,M,25,17,94107,Drama,90,90,0
3562,F,25,6,32812,Drama,90,90,1
3563,M,25,2,33133,Drama,90,90,0
3561,M,35,14,63304,Drama,90,90,0
3567,M,25,14,54915,Drama,90,90,0
4485,M,25,4,64112,Drama,90,90,0
4482,F,35,1,94044,Drama,90,90,0
2905,M,35,17,55407,Drama,90,90,0
2904,M,25,4,16802,Drama,90,80,0
704,F,35,8,85712,Drama,90,80,0
705,M,25,4,48065,Drama,90,90,1
706,M,35,20,78664,Drama,90,90,1
707,M,35,7,17740,Drama,90,90,0
701,F,18,4,01002,Drama,90,90,1
88,F,45,1,02476,Drama,90,80,1
82,M,25,17,48380,Drama,90,90,0
83,F,25,2,94609,Drama,90,90,1
87,M,25,14,48360,Drama,90,70,0
415,F,35,0,55406,Drama,90,90,0
5311,M,50,0,62025-8000,Drama,90,90,0
5317,F,25,0,02138,Drama,90,90,1
5316,M,18,4,55104,Drama,90,70,1
5314,F,25,0,94107,Drama,90,90,1
1658,F,35,6,94214,Drama,90,80,0
1659,F,18,9,99703,Drama,90,90,1
1652,M,25,16,98208,Drama,90,90,1
1651,M,25,12,94520,Drama,90,90,0
1656,M,25,17,94122,Drama,90,85,1
1657,F,45,0,10022,Drama,90,90,1
1738,M,35,16,30034,Drama,90,80,0
3150,F,25,3,92831,Drama,90,80,1
3157,M,25,12,92880,Comedy,90,90,0
2837,M,18,0,49506,Drama,90,90,0
3159,F,25,15,15213,Drama,90,90,0
2834,M,35,1,33304,Drama,90,70,1
1635,M,25,0,97212,Drama,90,90,0
1437,M,50,3,89102,Drama,90,90,1
5405,F,50,7,12866,Drama,90,90,0
3392,M,50,6,08108,Drama,90,60,1
3394,M,35,7,90069,Drama,90,90,1
5401,F,18,1,20003,Drama,90,90,0
4261,F,35,6,07950,Drama,90,90,0
4262,F,35,6,06512,Drama,90,80,1
1340,M,25,7,14302,Drama,90,90,1
1341,M,18,7,11434,Drama,90,90,1
4469,F,45,12,92037,Drama,90,70,1
1344,F,25,9,43420,Drama,90,90,1
1345,F,25,2,75070,Drama,90,90,1
1347,F,18,1,11375,Drama,90,90,0
4466,M,35,11,10022,Drama,90,70,1
5237,M,25,7,55441,Drama,90,90,0
5543,M,25,17,97401,Drama,90,85,0
5544,M,25,15,08876,Drama,90,80,1
5545,F,35,16,98072,Drama,90,90,0
656,F,45,16,92106,Drama,90,90,0
1503,M,25,12,92688,Drama,90,90,1
1500,M,25,17,98115,Drama,90,90,0
1501,M,25,11,75801,Drama,90,90,0
652,M,18,20,12222,Drama,90,90,0
1507,M,35,17,95476,Drama,90,50,1
650,M,25,17,49445,Drama,90,70,0
651,M,35,7,20895,Drama,90,90,0
1508,F,1,10,94539,Drama,90,60,1
1509,M,1,0,11803,Drama,90,90,1
658,F,25,0,10021,Drama,90,90,0
5890,M,35,20,77008,Drama,90,90,1
5891,M,18,4,55404,Drama,90,65,0
5892,M,45,2,10920,Comedy,90,90,0
5893,M,25,7,02139,Drama,90,90,0
5898,F,18,0,02143,Drama,90,90,0
3887,M,18,4,80513,Drama,90,90,1
3886,M,35,7,95008,Drama,90,80,1
3880,M,25,7,54942,Drama,90,90,0
4863,F,25,9,84037,Drama,90,90,0
4661,M,45,15,85255,Drama,90,90,1
3971,F,18,4,80228,Comedy,90,90,1
3975,F,25,5,43229,Drama,90,80,0
327,M,35,18,55448,Drama,90,60,0
325,F,50,3,55112,Drama,90,90,0
4716,F,25,16,02465,Drama,90,80,1
2338,M,45,17,13152,Drama,90,90,1
4718,M,35,7,03885,Drama,90,85,1
3075,F,25,11,06107,Drama,90,90,0
3716,M,18,12,36115,Drama,90,90,1
3713,F,25,7,22201,Drama,90,90,0
3712,M,25,17,60042,Drama,90,90,1
4475,M,18,4,10020,Drama,90,85,1
4474,M,35,7,28805,Drama,90,90,1
4476,M,45,1,50588,Drama,90,90,1
6006,F,1,0,01036,Drama,90,90,1
6007,M,35,17,80537,Drama,90,90,0
6002,M,50,0,43231,Drama,90,90,1
6003,F,45,17,78722,Drama,90,70,1
6000,M,45,17,30075,Drama,90,90,0
6001,F,25,7,94117,Drama,90,70,1
2484,M,45,5,31901,Comedy,90,90,0
6009,F,25,12,60540,Drama,90,90,1
4498,M,50,7,76054,Drama,90,90,0
2244,M,1,10,60565,Drama,90,90,0
4865,F,35,14,02130,Drama,90,90,0
2240,M,45,12,64117,Drama,90,90,1
2241,M,45,5,60647,Drama,90,70,1
2464,F,18,4,44106,Drama,90,80,1
2465,M,50,6,44333,Drama,90,90,0
997,M,1,19,15748,Drama,90,60,1
996,M,25,17,98102,Drama,90,90,0
2461,M,18,4,98117,Drama,90,75,1
2463,M,25,7,33916,Drama,90,90,1
5147,M,18,0,48314,Drama,90,80,1
5142,M,25,1,92101,Drama,90,90,0
5143,M,18,4,44502,Drama,90,90,1
5140,M,25,6,35205,Drama,90,90,1
121,M,35,7,75229,Drama,90,90,1
122,F,18,4,94305,Drama,90,90,0
3402,M,35,20,30306,Drama,90,90,1
124,M,56,7,91356,Drama,90,70,1
125,M,45,14,01701,Drama,90,70,1
129,M,25,11,20164,Drama,90,90,0
2068,F,35,12,43528,Drama,90,90,1
2069,M,56,15,79068,Drama,90,90,0
2798,M,35,20,10038,Drama,90,70,1
2799,M,18,0,55404,Drama,90,75,1
2795,M,50,13,33710,Drama,90,90,0
1185,F,35,1,97374,Drama,90,90,0
3373,M,18,16,94709,Drama,90,90,1
3371,M,25,2,55405,Drama,90,90,1
3578,M,50,3,96714,Drama,90,90,0
727,M,35,11,94061,Drama,90,90,1
2666,M,45,16,63128,Drama,90,90,1
2667,F,35,6,08043,Drama,90,90,1
2664,M,35,7,52402,Drama,90,80,1
2665,M,35,11,98443,Drama,90,90,0
2661,M,56,13,19312,Drama,90,90,0
1748,M,50,1,04240,Drama,90,90,0
1749,M,25,2,10040,Drama,90,90,0
2936,F,18,4,94122,Drama,90,90,1
2935,M,25,0,55126,Drama,90,90,1
2932,M,25,12,55346,Drama,90,90,0
2930,M,50,17,45420,Drama,90,50,1
5322,M,35,17,97330,Drama,90,90,0
5323,M,25,20,94122,Drama,90,90,0
3799,M,18,0,17844,Drama,90,90,1
5328,F,25,4,91740,Drama,90,90,1
1647,M,18,18,98118,Drama,90,90,0
1646,M,25,20,90046,Drama,90,70,0
1640,M,35,17,95610,Drama,90,90,0
1648,M,50,14,85202,Drama,90,90,1
3797,M,25,7,02420,Drama,90,90,0
4428,M,25,14,46940,Drama,90,90,0
571,M,50,5,95401,Drama,90,90,1
576,F,45,15,20910,Drama,90,90,1
575,M,25,12,92130,Drama,90,90,0
2808,M,56,16,60610,Drama,90,90,1
601,F,18,20,06320,Drama,90,90,0
1423,M,25,4,08540,Drama,90,70,0
5431,M,56,1,19026,Drama,90,80,1
1424,M,35,0,28209,Drama,90,90,0
4980,M,25,1,55403,Drama,90,90,1
3365,M,50,17,23059,Drama,90,90,0
5438,M,25,14,60048,Drama,90,90,0
731,M,45,3,55410,Comedy,90,90,1
733,M,35,16,30034,Drama,90,90,0
734,M,25,7,90078,Drama,90,70,0
737,M,1,19,53711,Comedy,90,90,0
736,M,18,12,07070,Drama,90,90,0
738,M,18,17,99205,Drama,90,80,1
4271,M,35,7,83405,Drama,90,90,1
468,F,1,10,55082,Drama,90,90,0
1353,M,1,10,95926,Comedy,90,90,1
1352,M,35,20,94122,Drama,90,70,1
1351,F,25,17,98034,Drama,90,60,0
1355,F,45,20,04240,Drama,90,60,1
1354,F,25,2,94040,Comedy,90,90,0
5554,M,25,1,92116,Drama,90,90,0
5551,F,35,20,98103,Drama,90,90,0
5550,M,35,15,48187,Drama,90,90,0
5552,M,50,7,23233,Drama,90,90,0
5559,M,50,1,77706,Drama,90,90,1
1515,M,25,16,48324,Drama,90,75,0
1514,M,18,4,97215,Drama,90,90,1
1517,M,18,0,10002,Drama,90,90,1
1516,F,25,12,53154,Drama,90,90,0
1511,M,35,12,08902,Drama,90,70,1
1510,F,25,1,48067,Drama,90,90,0
1512,M,25,20,11102,Drama,90,70,1
5881,M,35,17,30303,Drama,90,90,0
5886,M,25,20,02139,Drama,90,90,1
3185,M,18,7,55337,Drama,90,90,0
4858,M,25,1,04086,Drama,90,90,1
3189,M,25,16,90292,Drama,90,90,0
3397,M,25,5,55414,Drama,90,70,1
4012,M,18,4,49503-1313,Drama,90,75,0
4010,M,25,14,94533,Drama,90,90,0
355,M,18,3,55107,Drama,90,90,1
354,M,35,1,55117,Drama,90,80,1
3988,F,25,14,60647,Drama,90,90,1
3985,M,45,16,01880,Drama,90,90,1
359,M,25,17,55128,Drama,90,90,1
3983,M,25,0,30606,Drama,90,90,0
2323,M,35,3,13088,Drama,90,90,0
4706,M,25,14,68502,Drama,90,90,1
4705,F,18,0,75115,Drama,90,90,1
2327,M,18,10,48169,Drama,90,90,0
2325,F,18,4,27708,Drama,90,70,0
2324,M,35,17,50321,Drama,90,90,1
4709,M,45,0,06804,Comedy,90,90,1
1444,F,25,4,91106,Drama,90,80,0
280,M,50,7,19118,Drama,90,60,1
285,F,35,0,94109,Drama,90,90,0
284,M,25,12,91910,Drama,90,90,1
286,M,25,1,54601,Drama,90,90,1
3761,M,25,17,27613,Drama,90,90,1
1441,M,35,16,54729,Drama,90,90,0
263,F,25,7,22304,Drama,90,90,1
261,M,25,20,75801,Drama,90,90,0
265,F,35,7,55116,Drama,90,90,1
264,M,35,0,20755,Drama,90,90,0
3756,M,18,12,53188,Drama,90,90,1
6010,M,35,0,79606,Drama,90,90,1
1291,F,35,0,10011,Drama,90,90,0
6015,F,25,9,80013,Drama,90,90,1
6014,M,45,1,80634,Drama,90,70,1
6016,M,45,1,37209,Drama,90,90,0
6019,M,25,0,10024,Drama,90,90,0
6018,M,35,1,48906,Drama,90,90,0
2493,M,45,2,90631,Drama,90,90,0
2494,M,18,4,52003,Drama,90,90,0
2497,F,50,14,37922,Drama,90,90,0
4630,F,25,4,94610,Drama,90,70,0
1566,M,35,16,77550,Drama,90,80,0
2258,F,18,4,10033,Drama,90,90,0
2256,F,45,15,59840,Drama,90,90,1
2254,M,35,5,33317,Drama,90,90,1
4636,M,18,2,10010,Drama,90,80,1
2476,M,50,12,78703,Drama,90,70,1
2474,M,25,12,83815,Drama,90,90,0
2471,M,50,13,98683,Drama,90,75,1
983,F,25,16,99224,Drama,90,70,1
5152,F,25,4,44406,Drama,90,90,1
987,F,35,17,48098,Drama,90,90,0
5156,M,18,14,10024,Drama,90,90,1
114,F,25,2,83712,Drama,90,90,0
116,M,25,17,55744,Drama,90,70,1
113,M,18,12,37032,Drama,90,90,1
112,M,25,16,97209,Drama,90,70,1
119,F,1,10,77515,Drama,90,90,1
118,M,35,17,22315,Drama,90,90,1
4800,M,18,4,80521,Drama,90,90,1
2787,M,25,4,60614,Drama,90,90,1
2783,M,45,17,78750,Drama,90,90,0
4808,M,35,0,96707-1321,Drama,90,85,0
2078,M,18,4,13323,Drama,90,90,1
2073,F,18,4,13148,Drama,90,90,0
3502,F,18,7,80503,Drama,90,80,0
5080,F,50,12,95472,Drama,90,80,0
5087,F,25,6,19102,Drama,90,80,1
5086,M,25,1,23462,Drama,90,90,1
5085,M,56,17,75225,Drama,90,90,0
3507,M,25,0,02472,Drama,90,90,0
2674,M,25,4,94110,Drama,90,80,1
2676,M,56,20,78731,Comedy,90,90,0
2928,M,25,2,90068,Drama,90,90,0
2921,M,50,1,53221,Drama,90,90,0
2925,F,25,4,23454,Drama,90,80,1
5331,M,35,14,06880,Drama,90,85,1
5333,F,25,7,02332,Comedy,90,90,1
5334,F,56,13,46140,Drama,90,90,1
5337,F,35,3,02725-1010,Drama,90,90,0
3214,F,56,7,10019,Drama,90,90,1
1984,M,18,10,92130,Drama,90,90,0
1985,M,45,12,92122,Drama,90,90,0
1982,M,1,10,80540,Drama,90,90,1
1983,M,25,14,92109,Drama,90,90,1
1980,M,35,7,06460,Drama,90,90,1
1637,M,56,0,90049,Drama,90,90,1
1638,F,18,17,95405,Drama,90,70,0
1639,M,25,17,95405,Drama,90,90,0
3219,F,18,4,54302,Drama,90,90,0
1989,M,50,6,02090,Drama,90,80,1
2909,M,25,7,43228,Drama,90,90,1
569,F,18,4,97339,Drama,90,90,0
2816,M,25,7,60015,Drama,90,70,1
560,M,45,15,81335,Drama,90,90,1
561,F,18,14,64060,Drama,90,90,0
2818,M,25,12,55106,Drama,90,90,0
3178,F,35,5,44313,Drama,90,90,1
3171,F,50,3,10128,Drama,90,90,0
1188,M,45,7,72212,Drama,90,80,1
1189,M,25,0,85712,Drama,90,80,1
3377,M,25,17,03570,Drama,90,90,1
3375,M,25,4,89193,Drama,90,80,1
5426,M,25,14,95821,Comedy,90,90,0
5421,M,35,17,22030,Drama,90,70,0
3372,M,56,13,55118,Drama,90,80,1
5423,F,50,5,60714,Drama,90,70,0
1181,M,35,7,20716,Drama,90,90,0
2036,F,25,14,90046,Drama,90,90,1
724,M,50,13,90266,Drama,90,90,0
725,M,56,11,08904,Drama,90,90,1
722,M,25,12,55106,Drama,90,90,1
723,M,25,12,98027,Drama,90,80,1
721,F,35,9,97520,Drama,90,90,0
1745,M,45,0,94114,Drama,90,90,0
1747,M,25,0,90638,Drama,90,90,0
1740,M,56,1,96153,Drama,90,90,1
1741,M,35,7,91107,Drama,90,90,0
728,M,25,6,11598,Drama,90,90,1
729,M,35,12,85284,Drama,90,90,0
1164,F,25,19,90020,Drama,90,90,0
1167,F,50,1,55126,Drama,90,90,1
1161,M,25,0,10025,Drama,90,85,1
1162,F,35,0,97213,Drama,90,90,0
1168,F,25,0,94109,Drama,90,90,0
1169,M,25,20,94402,Drama,90,90,1
5522,M,25,14,02460,Drama,90,90,0
5524,F,1,10,26505,Drama,90,90,1
3092,M,35,15,98108,Drama,90,90,1
49,M,18,12,77084,Drama,90,90,1
45,F,45,16,94110,Drama,90,90,1
41,F,18,4,15116,Drama,90,80,1
3194,M,25,15,92648,Drama,90,80,1
1563,F,1,10,87123,Drama,90,90,1
1564,M,50,1,01096,Drama,90,70,0
1565,M,45,17,78731,Drama,90,90,0
1294,F,50,20,11217,Drama,90,90,0
1713,M,25,0,47421,Drama,90,70,0
1712,M,25,0,73003,Drama,90,90,1
5026,M,25,17,92584,Drama,90,80,1
5257,F,25,2,10019,Drama,90,90,0
4399,F,18,4,43403,Drama,90,90,0
5638,M,18,1,32601,Drama,90,90,1
5254,M,18,4,32606,Drama,90,90,0
4392,M,18,4,43402,Drama,90,90,1
5255,M,1,10,55305,Drama,90,60,0
5631,M,35,12,01944,Drama,90,90,0
4397,M,18,4,43402,Drama,90,90,1
1365,F,1,10,61665,Drama,90,70,0
1362,M,35,12,75069,Drama,90,90,1
1363,M,50,7,01915,Drama,90,70,0
3190,M,1,17,97062,Drama,90,70,0
478,M,50,16,55113,Drama,90,90,0
1368,F,25,3,50266,Drama,90,70,0
