557,99501,61.2172221,-149.8802734
646,99503,61.1818696,-149.88106
6159,99515,61.14173330000001,-149.8590641
6329,99508,61.2169275,-149.8198766
6466,99701,64.8512756,-147.6998224
6858,99801,58.3624838,-134.577076
6448,36830,32.6243328,-85.4443798
59,35209,33.4675872,-86.8255734
2631,35235,33.6423371,-86.62260739999999
10001,35210,33.5257555,-86.72135949999999
6371,35242,33.4222476,-86.6838306
6632,35055,34.1616004,-86.8385182
3308,36526,30.6551188,-87.8998453
383,35601,34.5690432,-87.0101461
274,36301,31.2254547,-85.4306984
6608,36303,31.2483723,-85.37562489999999
2559,36330,31.3244987,-85.83072229999999
386,35630,34.8265846,-87.6384265
2154,36535,30.3698162,-87.6846977
6470,35903,34.0020287,-85.99430389999999
6234,35209,33.44339110000001,-86.8262927
2293,35244,33.3791505,-86.8036497
369,35801,34.6998447,-86.58590819999999
2564,35806,34.7404442,-86.6638523
2286,36608,30.6774911,-88.1458511
2301,36604,30.6815291,-88.073208
2749,36619,30.5984133,-88.16888589999999
6629,36608,30.6797802,-88.223792
163,36116,32.3422751,-86.221915
2378,36107,32.3691095,-86.2683672
2274,35476,33.2414441,-87.5785597
2225,36801,32.6199487,-85.4050517
6830,36203,33.6086959,-85.7820399
3263,36066,32.4572674,-86.39803630000002
270,35405,33.1678807,-87.5255145
6630,35405,33.1850904,-87.5280626
2155,72015,34.5794791,-92.57269219999999
548,72032,35.110942,-92.4278686
671,71730,33.2284254,-92.6651468
343,72703,36.109165,-94.14512619999999
357,72903,35.362328,-94.3742931
449,71913,34.4617201,-93.056207
2726,72401,35.819791,-90.6684559
6539,72401,35.8225053,-90.6770355
121,72211,34.7553068,-92.4012448
514,72202,34.7605121,-92.3065106
234,72116,34.7891453,-92.2291723
662,72756,36.3336985,-94.1810761
2660,72762,36.1734833,-94.1761844
6678,85120,33.415976,-111.579384
6662,85392,33.4623091,-112.3390664
6542,85122,32.8808829,-111.730623
6515,85224,33.3079272,-111.8883779
6718,85248,33.2634005,-111.8563665
6636,86326,34.7277265,-112.0064063
6405,86004,35.2252045,-111.5697597
6717,85295,33.3010259,-111.7409644
6171,85308,33.63954040000001,-112.2304397
6451,85741,32.3357906,-111.0479918
6189,85206,33.393231,-111.6877
6619,85204,33.3820746,-111.8029091
6850,85201,33.4294337,-111.8680313
6699,85737,32.4001773,-110.9589926
6827,85305,33.5543595,-112.2592369
6758,85383,33.7139977,-112.2738314
6129,85032,33.6389911,-111.9759101
6275,85051,33.569402,-112.1204191
6277,85018,33.4801113,-111.9845388
6287,85013,33.509891,-112.085824
6452,85044,33.3197404,-111.9796012
6692,85050,33.6770727,-111.9740351
6319,85022,33.6395383,-112.0717546
6188,85258,33.5781644,-111.8885229
6283,85251,33.4863119,-111.9103337
6622,85254,33.6349032,-111.9203898
6792,85262,33.7793781,-111.9225345
6689,85374,33.6403607,-112.3539633
6276,85282,33.4061277,-111.9255396
824,85712,32.2366687,-110.8805051
2722,85716,32.2220132,-110.9193109
6126,85705,32.2883207,-110.9638168
6290,85711,32.2202717,-110.8735545
6683,85719,32.2204514,-110.9582378
6733,85748,32.2050906,-110.788637
6694,85714-1165,32.1632337,-110.9887653
6417,86301,34.5659245,-112.4649083
6602,94501,37.7595482,-122.2526151
666,91803,34.077555,-118.136325
2367,94531,37.9641062,-121.7332679
6478,93420,35.1288162,-120.5951492
952,93309,35.3552116,-119.0636291
2175,93312,35.3853904,-119.1005673
6235,93306,35.3936651,-118.967395
6299,93309,35.3385007,-119.0454775
6412,91706,34.0689993,-117.9775246
3306,94710,37.879577,-122.2967691
912,91502,34.1867789,-118.3145292
6317,95008,37.2911136,-121.9305194
917,95928,39.7284944,-121.8374777
935,91911,32.6024918,-117.0822289
2210,91914,32.6504815,-116.9688131
2527,93612,36.840089,-119.7270963
6510,93611,36.8099108,-119.6886683
3286,94014,37.6774871,-122.4693858
896,90040,33.9919799,-118.1410946
2324,92879,33.8694889,-117.5406155
3298,92626,33.6567626,-117.9187233
951,90230,33.9897084,-118.3942794
6572,95616,38.5406723,-121.7251001
6440,90241,33.9485588,-118.1568375
830,94568,37.702576,-121.9101337
978,94303,37.46165939999999,-122.1362014
2099,92020,32.8067567,-116.9631438
2299,94608,37.8281351,-122.2854288
965,92024,33.0634081,-117.2662292
949,91436,34.1582861,-118.4939254
2304,92027,33.1302341,-117.0650154
682,95630,38.6693475,-121.1581258
6800,92336,34.1373077,-117.4399135
584,92708,33.7007689,-117.9523584
648,93711,36.8097418,-119.8615921
945,93721,36.7425192,-119.778822
969,93710,36.8209316,-119.7921009
6335,93720,36.8455609,-119.7861982
6296,93711,36.8094958,-119.8273553
929,92832,33.8604628,-117.924176
2215,92831,33.8753524,-117.888712
970,92843,33.7731194,-117.9391835
839,91204,34.1469935,-118.265535
6403,91344,34.263279,-118.5260587
2403,90250,33.8998018,-118.36757
2160,94541,37.6545272,-122.1103273
2522,92545,33.7461818,-117.0005363
879,90038,34.0937588,-118.3258806
2533,90303,33.944302,-118.329398
861,92612,33.6668942,-117.854268
3358,92618,33.6572326,-117.742101
6388,92602,33.7222155,-117.7885041
517,91214,34.2266474,-118.2452958
846,91942,32.7789578,-117.0156556
6753,92253,33.7091607,-116.2842889
6482,92653,33.6068625,-117.7313255
6387,90712,33.8484022,-118.1434315
6644,94550,37.698404,-121.7721962
2281,90720,33.8039703,-118.0450706
606,90045,33.9556235,-118.395737
2206,90035,34.0555218,-118.3966885
2303,90036,34.062772,-118.352183
6386,90034,34.0269438,-118.3933481
900,90007,34.0324641,-118.2728499
2101,90012,34.0481896,-118.2387294
950,95032,37.2480902,-121.9555007
2129,93637,36.9745409,-120.0831515
2740,90266,33.9017921,-118.3830675
979,94030,37.60502650000001,-122.3963639
6411,92691,33.5619376,-117.6680017
988,95350,37.6693234,-121.0294687
6612,95355,37.6705674,-120.9572685
947,91016,34.141317,-118.0150664
3277,90640,34.0305006,-118.124381
627,92553,33.9377912,-117.2447911
869,94040,37.3921003,-122.0966036
2371,92562,33.565233,-117.2111123
948,94559,38.2829746,-122.2774263
963,91950,32.6531436,-117.0903328
889,91324,34.2289706,-118.5609308
652,90650,33.9242923,-118.1053873
961,94601,37.7753275,-122.2297687
2356,91761,34.0333909,-117.6277617
2789,92867,33.8106893,-117.8342239
2694,93033,34.1752531,-119.1765311
10002,92264,33.8157768,-116.4884966
2310,93551,34.6087957,-118.1472056
599,91106,34.145539,-118.126952
6522,91101,34.1463347,-118.1354807
6428,95667,38.7199872,-120.8319519
2544,94523,37.9349459,-122.058149
6169,94588,37.6911301,-121.9250806
6567,93257,36.0811937,-119.0463885
6390,91730,34.1080851,-117.5638179
2399,91739,34.1052537,-117.5392777
884,96002,40.5702997,-122.3618624
6439,96003,40.5890822,-122.352737
626,92374,34.0608958,-117.1809505
6310,94063,37.486157,-122.217507
6389,92507,33.9827612,-117.3654417
2256,94928,38.3479998,-122.7184238
928,95661,38.7453206,-121.2651853
6170,95661,38.752329,-121.263676
3291,91748,33.9897696,-117.9255063
939,95823,38.4701804,-121.414135
983,95841,38.6596872,-121.3565052
2292,95819,38.554469,-121.4287702
6413,95826,38.5484271,-121.4101536
3305,95825,38.6068949,-121.3828892
6168,95825,38.594577,-121.3912396
6607,95814,38.57793729999999,-121.4833584
6790,95834,38.6375798,-121.4963809
925,93906,36.7114392,-121.6519556
6260,93907,36.701297,-121.6686798
842,92408,34.0648897,-117.2719557
558,94070,37.5034566,-122.247586
2232,92673,33.4571123,-117.6023409
494,92129,32.9781258,-117.0884166
814,92121,32.8797052,-117.1714738
818,92110,32.7665207,-117.1981709
934,92101,32.7141821,-117.1706306
942,92108,32.7770638,-117.1427353
946,94103,37.7665465,-122.4100525
2217,94103,37.7871101,-122.4027199
6368,94103,37.769047,-122.4140395
6498,94118,37.7819577,-122.4593635
698,95121,37.312884,-121.8098716
2358,95110,37.3401937,-121.9082527
6209,95118,37.24961860000001,-121.8761424
6369,95130,37.2899518,-121.9919356
860,94577,37.7154162,-122.1790838
802,94403,37.55535740000001,-122.2935759
2270,90732,33.7502221,-118.3083906
10003,94110,37.7348236,-122.4155545
955,94583,37.780709,-121.972047
867,93955,36.6005409,-121.8807197
6336,93101,34.4192171,-119.6921015
6313,95051,37.3511595,-121.9770156
6391,91350,34.4298093,-118.5364234
6523,95060,36.9824107,-122.0283796
922,93454,34.934747,-120.4210054
941,95407,38.4189774,-122.7093368
908,92071,32.8436473,-116.9865501
6660,93662,36.5736004,-119.6304056
820,90755,33.804907,-118.1637974
3303,93065,34.2731091,-118.7782968
486,95207,37.9916228,-121.3170439
6298,95207,37.9864176,-121.3429927
6573,95212,38.0219174,-121.2669169
587,91604,34.1415926,-118.3758517
909,94087,37.3671392,-122.0290737
892,91342,34.2929624,-118.4164951
3320,91356,34.166462,-118.529331
609,92591,33.5290357,-117.1505929
923,91780,34.0996019,-118.0751741
886,91360,34.1812414,-118.875728
598,90501,33.8570649,-118.3030874
878,90503,33.8509593,-118.3525615
916,90505,33.805325,-118.32972
6397,90505,33.8045188,-118.3496162
6177,94587,37.6030861,-122.0651013
2332,91784,34.1334679,-117.6393456
2263,91355,34.4437472,-118.5735575
6178,94591,38.1313012,-122.220617
902,91411,34.1872419,-118.4654018
931,93003,34.2614743,-119.2347646
6521,92392,34.480124,-117.3400327
943,93277,36.308353,-119.3155683
6447,94597,37.9178327,-122.0652663
3353,91791,34.0745196,-117.8895465
895,90603,33.94765599999999,-118.004854
2208,95492,38.5268083,-122.787961
661,91367,34.1835055,-118.6070009
2287,95993,39.1421114,-121.6525457
2799,80002,39.7915081,-105.139332
6225,80002,39.7936513,-105.0828561
2640,80016,39.5928623,-104.8093835
2641,80016,39.6067782,-104.710337
2657,80011,39.7629527,-104.7791834
3272,80012,39.69513999999999,-104.862791
6293,80012,39.6964377,-104.8247238
170,80301,40.0200768,-105.2596186
6320,80301,40.0198062,-105.2534862
2720,80601,39.9519618,-104.7851517
2695,81212,38.4470915,-105.2080273
2192,80104,39.4080872,-104.861464
6805,80108,39.4152282,-104.8633473
456,80905,38.8267959,-104.8404506
2269,80906,38.8037753,-104.8211745
2807,80918,38.8921779,-104.7585917
3237,80909,38.8448281,-104.7553619
6199,80920,38.9428233,-104.7976045
6554,80906,38.7929883,-104.8021424
6738,80922,38.8884909,-104.7171202
2102,80123,39.6155704,-105.0945416
2187,80238,39.7674712,-104.9024405
3288,80202,39.7519744,-105.0017568
3289,80246,39.703352,-104.9415299
3290,80203,39.7393947,-104.9790794
6148,80209,39.7106731,-104.9894797
6274,80222,39.6674919,-104.938357
639,81301,37.268635,-107.8849358
2137,80110,39.6535807,-104.9976671
6435,80112,39.5690863,-104.8772089
2737,80528,40.5246805,-105.0363555
6399,80525,40.5574102,-105.0785531
2632,81601,39.518684,-107.317688
6408,80401,39.7357666,-105.1626114
3241,81505,39.0862805,-108.5980569
6508,81505,39.08031,-108.580571
2161,80634,40.3895492,-104.7372531
10004,80550,40.4676006,-104.887477
3238,80112,39.596513,-104.8930047
6704,80126,39.5424202,-104.9406979
6763,80129,39.5460043,-105.0014674
6685,80226,39.7094685,-105.0845025
256,80226,39.704205,-105.080534
469,80122,39.5702422,-104.9899838
6305,80123,39.6230699,-105.0884635
2081,80501,40.1408128,-105.1298227
6251,80501,40.1532487,-105.1116009
580,80538,40.4239317,-105.0735763
2110,81401,38.4621681,-107.8641962
593,80234,39.8862867,-104.9918455
2165,80134,39.5116731,-104.7653667
2649,81005,38.2361313,-104.6641122
6433,81008,38.3133836,-104.6126906
6604,80498,39.6275191,-106.0621008
6616,80027,39.95560529999999,-105.1715102
6708,80233,39.9164333,-104.9764493
6726,80023,39.9979468,-104.9778169
567,80031,39.8657529,-105.0559052
6124,06804,41.4365147,-73.41323609999999
6132,06824,41.1495877,-73.24724719999999
3315,20009,38.9157189,-77.0459504
2836,19803,39.8136004,-75.5496895
6333,32714,28.6661734,-81.4175854
2295,32714,28.6641217,-81.4204809
4,33432,26.3624784,-80.0883025
91,33434,26.3693408,-80.17189019999999
409,33431,26.3934068,-80.0781003
6133,33498,26.3703877,-80.20683190000001
71,33426,26.5267399,-80.0889916
3361,34205,27.4630148,-82.5738275
2596,34208,27.496764,-82.50580800000002
2705,33511,27.9363901,-82.2911113
2162,34613,28.5357241,-82.5079605
6797,33991,26.6497929,-81.98754590000001
95,33761,28.0110564,-82.73155179999999
436,33756,27.9381633,-82.787494
2675,33764,27.958997,-82.74464739999999
2370,34711,28.5465992,-81.7095902
6441,33134,25.7549336,-80.2592724
544,33071,26.2391685,-80.253404
2543,33076,26.3001305,-80.2519131
6645,34428,28.9077115,-82.6036675
45,33324,26.0954551,-80.24849979999999
2595,33331,26.0652988,-80.3603096
110,32114,29.176308,-81.0300572
2692,33441,26.3148024,-80.0900395
2373,32720,29.0542058,-81.3061397
597,33484,26.4608805,-80.1235421
2249,33483,26.4456926,-80.067736
2328,32541,30.3879093,-86.4240207
6565,32541,30.38915889999999,-86.4541352
2593,34223,26.9364123,-82.3382082
6724,33928,26.4082182,-81.8099245
2176,33034,25.4614573,-80.4735567
220,33304,26.147276,-80.11929099999999
371,33309,26.2042722,-80.1484547
2383,33316,26.101593,-80.1292488
3324,33304,26.1360729,-80.1366213
10005,33907,26.5624737,-81.8718207
3318,33907,26.5847678,-81.87142109999999
206,32548,30.42685329999999,-86.6436786
186,32601,29.6618398,-82.338004
2145,32605,29.6575216,-82.4157312
6344,32608,29.6230025,-82.37857819999999
2113,32561,30.357443,-87.155875
6143,33009,25.9871032,-80.1295114
7,33012,25.870207,-80.32093929999999
2506,33012,25.8653624,-80.2937999
6144,33014,25.922845,-80.291584
127,33021,26.0335139,-80.19393269999999
2753,33020,26.0114434,-80.1640759
6146,33020,26.0452748,-80.16137069999999
6564,33030,25.479822,-80.46192390000002
2653,32937,28.1369737,-80.5976113
6806,34453,28.8536725,-82.38761679999999
433,32250,30.2703969,-81.3899309
24,32205,30.3130746,-81.7503023
135,32256,30.2222069,-81.578445
258,32244,30.2017822,-81.7418239
2119,32257,30.1851969,-81.6257276
3314,32225,30.3200526,-81.5533442
6490,32256,30.1995113,-81.5507131
6491,32225,30.3201395,-81.5462838
6737,32224,30.28479179999999,-81.45673269999999
6760,32218,30.4789736,-81.63719929999999
6826,32222,30.199664,-81.823505
6352,34957,27.2414613,-80.2695054
2727,33477,26.9358121,-80.0916093
2739,33037,25.0942083,-80.4394688
6537,33040,24.5656728,-81.77019519999999
6378,34741,28.3055158,-81.434086
6634,32055,30.1782643,-82.6724361
2806,32746,28.7518426,-81.3586984
162,33463,26.6170002,-80.1149513
2557,33463,26.5902276,-80.1452051
2363,33803,28.0144156,-81.9585204
2818,33319,26.1665366,-80.2048456
329,34748,28.8226525,-81.8891225
3325,33050,24.7155356,-81.0782376
90,33073,26.2742181,-80.20086669999999
284,32952,28.3586743,-80.6899531
2294,33139,25.7933616,-80.14226140000001
2607,33056,25.9507559,-80.24630359999999
2699,33014,25.9196239,-80.29376640000001
213,33166,25.8093352,-80.26527530000001
35,33186,25.6839463,-80.4175862
46,33144,25.7697904,-80.33054849999999
281,33145,25.7499458,-80.2378208
2259,33172,25.7904223,-80.367172
2360,33156,25.6874177,-80.3115845
2759,33126,25.7785291,-80.2903602
2815,33155,25.7332127,-80.3349892
6136,33175,25.7470985,-80.38569840000001
6268,33126,25.7868242,-80.3339199
6407,33156,25.6443549,-80.3317265
6744,33186,25.629395,-80.38829899999999
2329,33027,25.9795701,-80.3596203
2130,32757,28.821349,-81.673795
188,34102,26.1737846,-81.8011739
2355,34108,26.266422,-81.8023728
6131,34105,26.2106252,-81.7654924
6462,34112,26.123793,-81.764544
189,33160,25.9405437,-80.14795250000002
2342,33162,25.9284642,-80.1712894
6167,33181,25.8887452,-80.16253019999999
264,34474,29.16607279999999,-82.1705593
2380,34677,28.0517869,-82.7008663
2148,32763,28.910584,-81.28076949999999
286,32806,28.511091,-81.374072
511,32818,28.551956,-81.4787999
2555,32819,28.4514278,-81.4905646
2587,32803,28.5527641,-81.3547353
2634,32837,28.3643736,-81.4265557
3261,32809,28.448091,-81.4039136
6659,32828,28.5550305,-81.2041553
448,32174,29.281111,-81.06966899999999
6340,32765,28.6541406,-81.23746349999999
2168,32571,30.6041922,-87.1185054
2703,32905,28.0334799,-80.64859779999999
211,33410,26.8432157,-80.0699015
6125,33410,26.8079395,-80.10193369999999
2597,34684,28.078165,-82.74146499999999
2821,32407,30.1968881,-85.8092224
248,32405,30.190685,-85.6673362
6430,32405,30.1903503,-85.64811949999999
136,33024,26.0150167,-80.2507863
2253,33026,26.0065388,-80.2991886
6748,33027,26.0077653,-80.3594036
202,32503,30.4724017,-87.2080098
2169,32534,30.5294959,-87.2742924
2706,32505,30.4333982,-87.27299149999999
2390,33781,27.8372012,-82.688239
19,33060,26.2115747,-80.10849739999999
2539,33062,26.2574091,-80.10426819999999
306,34668,28.2824625,-82.7169416
6798,34987,27.2790301,-80.435
6214,32086,29.8656515,-81.3240837
6664,32771,28.8132456,-81.330615
134,34231,27.2821472,-82.532282
6831,34238,27.2667837,-82.4612257
2801,34232,27.3396672,-82.4594491
6130,34239,27.3007897,-82.5153547
2362,33870,27.5075019,-81.49254739999999
6652,33870,27.5124866,-81.4931618
112,33710,27.7878148,-82.7249617
490,33702,27.8436643,-82.6441464
3270,33713,27.7888642,-82.6767737
151,34994,27.1746263,-80.2333599
2379,34491,28.9606139,-81.9666239
3284,33323,26.1440606,-80.3170406
108,32301,30.4373332,-84.2589227
447,32308,30.4961402,-84.24440059999999
2669,32304,30.4615243,-84.3573976
107,33619,27.9428105,-82.33691879999999
201,33609,27.9463944,-82.5040798
480,33618,28.0812857,-82.5050253
2191,33634,28.028081,-82.5479608
2664,33614,27.994936,-82.509529
2264,34293,27.0779387,-82.4268467
380,32966,27.64098,-80.4503051
2546,32940,28.239485,-80.7263267
2280,33414,26.6440777,-80.20388550000001
2603,33544,28.1822797,-82.3534602
3227,32904,28.0771863,-80.6470385
102,33409,26.7066548,-80.09365129999999
2115,33414,26.6790846,-80.2037868
149,32789,28.6051872,-81.3673996
2357,32792,28.6239095,-81.31325819999999
417,31707,31.6043456,-84.2077231
2311,30004,34.0891301,-84.2650532
2236,30606,33.9430768,-83.4402934
6350,30606,33.946119,-83.4067434
96,30345,33.8463937,-84.2572703
434,30338,33.932847,-84.35114
2226,30329,33.8154455,-84.31217459999999
2244,30324,33.8275967,-84.36540219999999
2296,30307,33.7559935,-84.3489239
2538,30318,33.8037968,-84.4124452
2193,30909,33.4942676,-82.07810839999999
6418,30106,33.85276,-84.601637
2615,31525,31.2043534,-81.4806838
2136,30701,34.4813815,-84.9431529
6769,30114,34.2368862,-84.4611699
146,30341,33.8944946,-84.3068862
308,31904,32.5162146,-84.9551027
6588,31906,32.470217,-84.9505398
2171,30013,33.6514612,-83.99938829999999
6561,30041,34.1824677,-84.1290648
335,30720,34.7602343,-84.9692323
453,30135,33.7236568,-84.7641814
6575,30135,33.7271237,-84.73310719999999
6618,31021,32.5422649,-82.9510359
6092,30096,33.963854,-84.1343289
6226,30809,33.526444,-82.1176377
353,30214,33.4784651,-84.4369754
6815,30542,34.1782569,-83.9131987
653,30742,34.955622,-85.2526907
278,30501,34.2871183,-83.84268449999999
6153,30501,34.2955049,-83.8522055
6483,30223,33.2492943,-84.28836770000001
6705,30141,33.8898285,-84.7535645
2326,30097,34.0174448,-84.18589539999999
2629,30236,33.5723112,-84.3729226
6127,30144,34.0109284,-84.5712973
464,30043,33.9562149,-83.9879625
591,30047,33.835424,-84.079424
2397,30122,33.7875383,-84.6214545
6852,30052,33.8473985,-83.9100256
3271,31206,32.8163815,-83.689449
143,30062,33.953594,-84.523759
2209,30066,34.0383772,-84.4652021
6437,30068,33.9791071,-84.4255
2519,30253,33.4328569,-84.183092
553,30265,33.3945658,-84.7571754
2262,30092,33.9502377,-84.2338235
2530,30269,33.3968327,-84.59437439999999
2267,30076,34.042165,-84.3398457
6663,30075,34.06017500000001,-84.380888
77,30076,34.017159,-84.30987449999999
2194,30328,33.916869,-84.38129049999999
6460,31405,32.0235528,-81.11171709999999
3254,31406,32.0030207,-81.1216882
3313,30080,33.8931183,-84.47581220000001
360,30078,33.8770641,-84.01401229999999
6596,30458,32.4393578,-81.76034299999999
2140,30281,33.550826,-84.27631099999999
137,30083,33.7950021,-84.2278164
2381,30024,34.0344804,-84.04941020000001
6734,30024,34.0963685,-84.1749528
2138,31792,30.8527968,-83.9447241
6325,31602,30.8476753,-83.3182782
6093,30339,33.8825523,-84.4626895
429,31093,32.6163857,-83.6885334
6688,30189,34.0861809,-84.5446831
959,96701,21.3902503,-157.951905
6472,96720,19.7011809,-155.0635818
858,96817,21.3240621,-157.8782617
6206,96814,21.2965477,-157.8598944
6740,96818,21.3652172,-157.9305013
570,96814,21.2949228,-157.8528688
6400,96732,20.881571,-156.454708
6780,96740,19.6501083,-156.0044586
6832,96707,21.3316494,-158.0920974
10006,96761,20.8783333,-156.6825
6203,96797,21.3998488,-158.0036915
6157,52402,42.0260746,-91.63323559999999
6582,51501,41.2298069,-95.848045
6077,52806,41.5633732,-90.57560529999999
443,50310,41.63873,-93.6955146
6099,50320,41.5377485,-93.59957159999999
6410,50312,41.5847576,-93.6530937
6546,50501,42.502242,-94.1575038
2335,50266,41.5996569,-93.7578351
6847,50266,41.5618964,-93.7948567
2513,83702,43.6131582,-116.2045548
6321,83709,43.6049172,-116.2885403
6372,83706,43.58045,-116.194368
6525,83815,47.73480499999999,-116.7900148
6423,83401,43.5095838,-112.0228457
2087,83642,43.6178306,-116.3500775
2104,83651,43.588821,-116.576479
6421,83201,42.8963496,-112.4499322
6420,83301,42.5891895,-114.4630615
2314,60102,42.17347849999999,-88.3329941
6741,60102,42.1527609,-88.33977229999999
2341,62002,38.9193849,-90.1725239
2418,60004,42.112058,-87.97751769999999
2394,60506,41.7810458,-88.3477151
6142,60504,41.7598259,-88.207966
2223,60510,41.8648067,-88.33938289999999
6444,60510,41.8565365,-88.3405445
2599,62221,38.5161086,-89.9526459
6828,62226,38.5278789,-90.0346934
3244,60402,41.8499778,-87.7992388
6086,60108,41.9391985,-88.112453
6106,61701,40.4907171,-88.9586343
6709,60490,41.6991991,-88.12406229999999
6467,60915,41.1601205,-87.8477152
491,60409,41.5966242,-87.55959899999999
305,61820,40.1385227,-88.24055249999999
214,60415,41.7089958,-87.7813553
199,60659,41.9947266,-87.71174889999999
225,60657,41.9345626,-87.6701511
489,60615,41.7976673,-87.58772379999999
568,60654,41.8920736,-87.6377483
6505,60614,41.9246024,-87.67343760000001
6047,60445,41.6534673,-87.74267739999999
6370,60014,42.2222635,-88.284015
6558,61832,40.1770315,-87.6293938
6084,60015,42.1517796,-87.8372491
6438,60115,41.951454,-88.723873
340,60515,41.81109480000001,-87.9886533
6570,61611,40.6796006,-89.5836613
6532,60123,42.0294659,-88.34090169999999
389,60007,42.0123874,-87.9605788
510,60201,42.066863,-87.70135959999999
6212,60202,42.0208529,-87.706246
6245,60805,41.7212548,-87.6894334
6254,62208,38.5937921,-89.98752689999999
2271,60423,41.500798,-87.8865234
6449,62034,38.7764393,-89.95205290000001
6690,60025,42.1047141,-87.8142295
6182,60031,42.3821668,-87.96576929999999
6135,60706,41.96672849999999,-87.80573030000001
6103,60525,41.7831516,-87.857953
6749,60195,42.0710331,-88.19374739999999
6687,60430,41.5661322,-87.63622869999999
6082,60435,41.5497306,-88.12283719999999
6527,60047,42.1888003,-88.10835130000001
6701,60439,41.6445202,-88.0017491
467,60148,41.85857960000001,-88.00436289999999
2336,61115,42.3675416,-89.02609679999999
6794,61115,42.363848,-89.03475399999999
6180,60443,41.501335,-87.72679699999999
6066,60160,41.9058721,-87.8479833
6195,61265,41.4704421,-90.5021405
6160,60056,42.0822446,-87.94046349999999
251,60563,41.799961,-88.11743
3242,60714,42.053946,-87.83408240000001
513,61761,40.5111515,-88.9513777
365,60164,41.903622,-87.906899
6161,60523,41.8543153,-87.9565629
3311,60462,41.6136364,-87.855282
6710,60543,41.695221,-88.31813179999999
238,61614,40.7428193,-89.6040826
6072,61615,40.7721601,-89.6558804
6071,61108,42.26524269999999,-88.9903436
6697,60073,42.3814632,-88.0759494
393,60173,42.0517751,-88.0789829
6152,60077,42.0100162,-87.7685904
323,62704,39.7619765,-89.7081209
6076,62704,39.7706341,-89.70916609999999
6783,60487,41.5475292,-87.798183
3310,60061,42.2400454,-87.94271979999999
6045,60061,42.2387199,-87.949587
2201,60189,41.83745649999999,-88.10100419999999
2623,60187,41.8873445,-88.1036492
6836,62095,38.8688077,-90.0698364
6100,60517,41.7552966,-88.03235939999999
2683,60098,42.3104321,-88.43515719999999
6825,60560,41.655358,-88.4380427
2094,46013,40.0781729,-85.6519173
2164,46123,39.76372689999999,-86.3396015
530,47404,39.1659185,-86.5751883
6545,46032,40.0025826,-86.12739979999999
6793,46032,39.9345479,-86.2303797
331,47129,38.3087982,-85.7672327
6585,47203,39.2208829,-85.8851148
60,47715,37.9887697,-87.49459139999999
2120,47712,37.9765132,-87.6268125
73,46805,41.11941909999999,-85.1318268
594,46804,41.0588071,-85.2239482
2614,46835,41.1269417,-85.0088518
2764,46818,41.1743925,-85.1686653
6654,46526,41.6217281,-85.9039021
2428,46142,39.6339652,-86.1262457
504,46322,41.525922,-87.4733852
6373,46322,41.5287854,-87.46935789999999
66,46227,39.7033998,-86.15268019999999
476,46268,39.9109238,-86.2262388
6323,46240,39.9104419,-86.1009801
6514,46229,39.773182,-85.99203299999999
10007,47905,40.4064351,-86.761749
10008,46410,41.47019890000001,-87.32149079999999
6594,46360,41.6786077,-86.897429
2563,46545,41.7127509,-86.18559800000001
6067,46545,41.7101041,-86.1851623
2384,47150,38.3069966,-85.84115779999999
6414,47374,39.8300442,-84.8449504
6244,47802,39.4282105,-87.41222739999999
6606,47591,38.677269,-87.5286325
6395,67501,38.0636242,-97.90207579999999
419,66046,38.9378964,-95.26196759999999
6559,66202,39.0231877,-94.6893039
650,66062,38.88285399999999,-94.7768906
6374,66062,38.9099441,-94.7624336
569,66212,38.937106,-94.66659299999999
6338,66213,38.909867,-94.668899
6402,67401,38.7925775,-97.6154009
176,66203,39.0134172,-94.7171606
6681,66217,39.01035480000001,-94.7667877
362,66604,39.03058960000001,-95.7607957
6300,66614,39.0284568,-95.74693719999999
2157,67209,37.6752048,-97.4175447
2190,67226,37.7380689,-97.2465758
6061,67207,37.67779000000001,-97.2399624
6533,67226,37.747426,-97.247226
6834,67205,37.726599,-97.4611061
6246,41101,38.4863818,-82.65116599999999
2203,40422,37.6141586,-84.7756327
512,41042,39.00937,-84.6266054
3287,40601,38.1610836,-84.89615839999999
6643,42240,36.8283709,-87.47074049999999
42,40509,38.01983389999999,-84.45397729999999
422,40503,37.9937889,-84.5208268
6332,40517,37.99148479999999,-84.5212421
2146,40741,37.110414,-84.09418370000002
27,40207,38.2336873,-85.6375017
52,40219,38.1370845,-85.68295379999999
2338,40220,38.2200391,-85.5842535
6445,40241,38.2970082,-85.5589899
2511,40241,38.3085633,-85.5749364
2547,40207,38.2514443,-85.6287138
2097,42071,36.6213105,-88.3129755
2768,40356,37.899995,-84.56671
605,42301,37.72617779999999,-87.1257701
481,42001,37.0750679,-88.68591699999999
2658,40475,37.7478572,-84.2946539
2095,42501,37.066278,-84.61871049999999
2643,40391,38.0023679,-84.2146365
349,71301,31.2775707,-92.4739073
259,70808,30.4192342,-91.1436002
388,70809,30.3852348,-91.0662813
10009,70815,30.4552584,-91.0921034
2742,70816,30.4449703,-91.0232623
2820,70810,30.3814607,-91.09763170000001
291,71111,32.5300193,-93.7054395
344,70433,30.4354351,-90.0839091
2612,70726,30.4578544,-90.954747
68,70806,30.4531927,-91.10612370000001
697,70737,30.2373551,-90.91425749999999
2111,70401,30.5024797,-90.4858328
6493,70123,29.9589765,-90.183934
56,70058,29.9037054,-90.0638002
424,70360,29.617739,-90.75460009999999
461,70065,30.0184713,-90.23763699999999
2524,70068,30.069213,-90.4811658
101,70503,30.1910687,-92.0624582
385,70508,30.1907254,-92.0143184
2573,70503,30.1760806,-92.0785371
2745,70501,30.2662798,-91.99396519999999
266,70601,30.2046685,-93.21985989999999
2574,70615,30.1969435,-93.1721206
2717,70471,30.3929828,-90.0923081
2330,70072,29.8760753,-90.0948404
55,70003,30.0064413,-90.21679569999999
124,70005,30.0037964,-90.1303829
2575,70002,30.0144158,-90.16354419999999
334,71201,32.5238811,-92.1013773
551,70560,29.9865307,-91.82651109999999
2166,70130,29.939731,-90.07600629999999
3283,70119,29.9772576,-90.0990145
2092,71270,32.5409739,-92.6366382
185,71108,32.4223753,-93.798755
446,71105,32.4433748,-93.7135713
6496,71105,32.4458274,-93.72192559999999
418,70458,30.2834595,-89.75488750000001
2647,70301,29.8046101,-90.8155529
693,71291,32.5094868,-92.16059150000001
2648,70791,30.645957,-91.146722
6137,02125,42.3274503,-71.0626371
6198,02032,42.1555693,-71.2017114
6661,02339,42.146876,-70.840638
6353,01752,42.3401786,-71.5915931
6119,02747,41.6412615,-70.9952041
3251,21401,38.978113,-76.5385005
98,21228,39.2835374,-76.7617367
173,21234,39.3993397,-76.5455427
2598,21014,39.5263706,-76.3600336
2521,20720,38.955062,-76.8267809
2627,20715,38.9791731,-76.7358557
2672,21075,39.1852197,-76.7936584
2116,21704,39.3861875,-77.40461909999999
350,20877,39.116572,-77.1848574
3239,21061,39.1912761,-76.6111517
2436,21060,39.13727069999999,-76.5961032
6610,21740,39.654896,-77.755332
2778,21227,39.2497243,-76.6671201
2535,20678,38.5581109,-76.598378
2626,21136,39.4438858,-76.8107817
2207,21237,39.3353146,-76.4867089
2106,21146,39.0774134,-76.544
190,20904,39.0402158,-76.9909898
614,21093,39.4346416,-76.6246089
2268,20603,38.6268572,-76.915728
6611,04210,44.1006271,-70.2282078
6048,48103,42.2463966,-83.7693901
6401,48104,42.2568208,-83.68605389999999
6839,49015,42.2978009,-85.19711009999999
6640,49601,44.2825681,-85.4086921
2618,48188,42.2739084,-83.4888738
6556,48187,42.3212555,-83.4673195
2642,48346,42.72347,-83.4298171
6097,48035,42.5448862,-82.90297989999999
6158,48126,42.3310644,-83.2083263
348,48021,42.466293,-82.922752
6069,48334,42.52776,-83.358823
6257,48336,42.4552659,-83.34235799999999
263,48507,42.9866192,-83.74973680000001
6040,48507,42.98175519999999,-83.7568288
6778,49735,45.0346465,-84.68518139999999
6714,49418,42.8812232,-85.7765075
10009,49728,46.3827225,-84.8959965
6238,49202,42.2680912,-84.43383949999999
235,49008,42.2460179,-85.5877124
2732,49009,42.2954016,-85.6542432
6529,49009,42.2980199,-85.65380239999999
240,49512,42.9109496,-85.5927292
6028,49512,42.9105934,-85.5649966
6039,48911,42.6621127,-84.5439689
6382,48917,42.7382686,-84.62776769999999
2202,48446,43.0445449,-83.3202682
366,48150,42.3709028,-83.3316234
6859,48044,42.6294029,-82.9373877
6026,48071,42.530624,-83.1101565
6431,49855,46.5470176,-87.42440599999999
6380,48642,43.6582481,-84.24892799999999
330,48168,42.4128147,-83.4352117
6342,48375,42.4401014,-83.4376808
617,48237,42.4485811,-83.19890629999999
6194,48864,42.7233288,-84.4235489
6339,49770,45.3511093,-84.97355519999999
6078,49002,42.22676879999999,-85.5914359
6110,48307,42.636864,-83.12839699999999
221,48073,42.51630249999999,-83.1888448
6037,48604,43.4825114,-83.9643325
233,48034,42.49691780000001,-83.2848293
6081,48195,42.1963158,-83.2143976
492,48313,42.6254861,-82.9957773
6032,48312,42.570421,-83.02785569999999
2219,48083,42.5641947,-83.1309912
6116,48315,42.6288997,-83.009104
6094,49544,43.0206126,-85.6832553
6624,48089,42.4888925,-83.0079631
6038,48328,42.6454489,-83.3347761
6109,48185,42.3443772,-83.3883139
6614,48386,42.6575379,-83.4646229
669,48183,42.13904549999999,-83.2260582
6105,49509,42.91223859999999,-85.6892944
6669,56308,45.8492885,-95.3858475
6463,55124,44.7281407,-93.2137941
6590,56425,46.362238,-94.24095400000002
6631,56601,47.492844,-94.9091009
6849,55449,45.1596373,-93.2315666
6181,55434,45.12479099999999,-93.2499711
6328,55445,45.0940265,-93.3808128
6070,55337,44.7477136,-93.2860661
6803,55008,45.5747912,-93.1986058
6641,55317,44.8630489,-93.5466969
6215,55433,45.1944004,-93.35302109999999
6703,55016,44.81873059999999,-92.9321544
6638,56529,46.877994,-96.72065599999999
6210,55811,46.8052196,-92.151246
6384,55121,44.8365211,-93.1548784
415,55344,44.8591486,-93.4242098
6042,55435,44.86564389999999,-93.32681079999999
6649,55330,45.3189777,-93.5640131
6650,55025,45.2773143,-92.9969338
6302,55077,44.8830867,-93.0789696
6765,55044,44.684389,-93.2894104
6471,56001,44.1722235,-93.94498449999999
6841,55369,45.0928088,-93.42222249999999
6164,55109,45.0358527,-93.0253718
6786,55340,45.0455999,-93.5299945
6303,55408,44.948101,-93.27703609999999
6443,55413,45.0051378,-93.2316127
295,55305,44.97405029999999,-93.44435100000001
6802,55362,45.297489,-93.78647169999999
6768,55060,44.0967007,-93.25281539999999
6791,55066,44.5701797,-92.5866988
6191,55904,44.0038849,-92.46461289999999
375,55113,45.02291169999999,-93.17064049999999
6043,55113,45.0139799,-93.1803484
615,56301,45.5516049,-94.2069485
6139,56301,45.5531219,-94.188707
6419,55416,44.9636432,-93.3521219
6044,55104,44.9541347,-93.16308409999999
6767,55378,44.7428319,-93.37673579999999
6700,55379,44.7758415,-93.50282039999999
6479,55082,45.03631439999999,-92.82661499999999
6489,56201,45.1028357,-95.0417288
6337,55125,44.9398227,-92.93993789999999
2770,63010,38.4402415,-90.38226859999999
6819,63011,38.5937925,-90.558751
636,64014,39.0144943,-94.272426
2779,63144,38.6113878,-90.3475291
6784,63144,38.6287329,-90.3391049
48,63044,38.7545813,-90.4329053
6674,63005,38.6673819,-90.6080311
249,65203,38.9509809,-92.336179
6776,63304,38.7468865,-90.63745899999999
6270,63126,38.5572564,-90.3932754
44,63141,38.6784592,-90.46270129999999
2790,63011,38.5907083,-90.5856381
6626,63640,37.7946515,-90.4407305
6691,63026,38.5038372,-90.447188
522,63033,38.7732087,-90.2798928
6736,63033,38.8051378,-90.2997816
212,64055,39.0478437,-94.4124526
625,64804,37.0556922,-94.47934250000002
6351,64801,37.085927,-94.477791
239,64111,39.05057619999999,-94.5859909
2167,64157,39.24782889999999,-94.4590875
6284,64111,39.059026,-94.586383
6301,64114,38.9446799,-94.60737030000001
6306,64118,39.1801699,-94.57754279999999
6446,64151,39.2386693,-94.6576432
2246,63122,38.5625542,-90.4083723
2150,64081,38.9294795,-94.40673629999999
6620,64086,38.908057,-94.3627521
273,63011,38.5969977,-90.5092882
6627,63366,38.7927975,-90.7028416
6271,63132,38.6723939,-90.36316959999999
2131,63901,36.7578435,-90.4091957
6754,64083,38.8093349,-94.4936146
635,63117,38.6337358,-90.3182282
6262,63303,38.7808044,-90.52440399999999
6425,64506,39.7798335,-94.8005972
610,64506,39.7723504,-94.8011453
2529,63108,38.6403449,-90.24440210000002
6190,63129,38.503784,-90.32671959999999
6824,63111,38.5578399,-90.2614037
106,65804,37.157202,-93.2649339
34,63376,38.7934683,-90.569688
2142,64093,38.7805504,-93.7384757
6628,63090,38.5377833,-90.9990624
6728,63385,38.816229,-90.87881229999999
271,39531,30.402514,-88.97722689999999
592,39705,33.5138105,-88.4314074
3230,39540,30.457458,-88.90351919999999
2103,38703,33.3759448,-91.0395797
437,39503,30.439791,-89.09236369999999
324,39402,31.326184,-89.37731
89,39211,32.3648571,-90.1478456
358,39213,32.3947328,-90.14581369999999
414,39204,32.2943949,-90.2585629
2188,39440,31.7104582,-89.15071549999999
2761,39110,32.4666547,-90.1289743
2795,39648,31.2488348,-90.47154719999999
2174,39301,32.3561101,-88.6805826
NATCHEZ,(601) 443-9763,31.5414058,-91.40451
2552,38655,34.3626395,-89.5668583
2112,39581,30.380759,-88.526223
2121,39208,32.2848466,-90.0485945
629,38671,34.9599646,-89.994019
6243,38804,34.314378,-88.7013965
6526,39180,32.3177275,-90.8895735
450,59102,45.7535245,-108.5849506
2135,59105,45.8047784,-108.4724529
6327,59102,45.7578963,-108.581417
2619,59718,45.69467299999999,-111.06324
6509,59404,47.4837092,-111.3429316
6096,59901,48.2085122,-114.2953697
6547,28001,34.2135334,-77.98767509999999
6715,27502,35.743098,-78.8721328
6716,28704,35.4490599,-82.5328455
180,28805,35.5940338,-82.53338049999999
2372,28803,35.5032515,-82.5219369
6364,28805,35.5753179,-82.5214355
253,27215,36.0841394,-79.46156189999999
317,27518,35.7586732,-78.7403405
41,28217,35.16722439999999,-80.87498339999999
315,28269,35.3211282,-80.8107567
2240,28203,35.2131169,-80.856618
2353,28273,35.13539129999999,-80.9379727
3281,28205,35.2008833,-80.76129430000002
6555,28213,35.292544,-80.74745800000001
6775,28216,35.3472883,-80.8540275
6777,28273,35.103731,-80.9832525
122,27707,35.9667391,-78.96059749999999
6252,27707,35.9531881,-78.99820299999999
6219,27909,36.2913226,-76.2426115
425,28303,35.0699593,-78.95767029999999
6230,28303,35.075289,-78.9659037
6468,27529,35.7134682,-78.6363832
3246,28056,35.2598117,-81.1310927
2685,27534,35.3956131,-77.9635431
32,27403,36.04883,-79.83823699999999
312,27408,36.1029069,-79.8231661
2602,27401,36.087289,-79.784166
2606,27410,36.1128424,-79.8817102
279,27858,35.5877948,-77.370702
3250,28602,35.7021656,-81.30735709999999
6503,28602,35.7066958,-81.30869369999999
183,27262,35.9826545,-80.01792119999999
2601,27265,36.0317825,-79.9619874
2718,28078,35.443548,-80.8867849
6480,28083,35.4498519,-80.6021853
6756,27545,35.7991455,-78.5068005
2128,28358,34.666524,-79.00359209999999
3262,28105,35.131769,-80.708252
6656,28110,34.9945993,-80.5386979
2687,27560,35.876388,-78.85160599999999
319,28134,35.0868436,-80.8799377
204,27609,35.8438116,-78.6106757
2677,27610,35.797909,-78.564211
2698,27613,35.898289,-78.6830179
3300,27609,35.8367328,-78.6415209
6334,27612,35.8590745,-78.7012833
2237,27804,35.9772965,-77.8093729
547,28144,35.660417,-80.4638615
6568,27330,35.4798757,-79.1802994
2170,28470,33.9772339,-78.3727243
6682,28150,35.279613,-81.534976
6670,27577,35.517798,-78.312437
2177,27889,35.5618248,-77.0644254
197,28403,34.2163511,-77.901318
6562,28405,34.2467911,-77.8792057
6326,27103,36.0683578,-80.30456559999999
445,58504,46.7960165,-100.7764642
6107,58103,46.8613179,-96.85805750000002
6576,58201,47.8909678,-97.0742439
6513,58701,48.2095977,-101.3050397
6586,68803,40.9408878,-98.3865943
6457,68847,40.7230361,-99.0863243
2118,68128,41.1790494,-96.04579149999999
165,68504,40.81626199999999,-96.6521099
2676,68516,40.7498583,-96.63838369999999
6609,68516,40.7424152,-96.67456709999999
6587,68701,42.0205826,-97.44029189999999
80,68144,41.2322465,-96.108435
643,68164,41.2944871,-96.1273769
3301,68114,41.2552175,-96.0237923
6429,68132,41.260371,-96.01994289999999
6735,68134,41.3174372,-96.02750909999999
6843,68137,41.2148324,-96.1069145
6331,68144,41.2371462,-96.1216973
6801,68046,41.13581930000001,-96.03093469999999
6506,08016,40.0354065,-74.8250722
637,08837,40.524638,-74.3610784
3274,07030,40.7366175,-74.0309498
338,08902,40.4688843,-74.4409451
333,07652,40.948347,-74.071005
2537,08242,39.0189499,-74.8717293
2556,08873,40.510859,-74.4870761
2507,07512,40.895672,-74.2311165
2459,07083,40.695524,-74.25568849999999
632,08043,39.8522173,-74.98314669999999
2652,07470,40.9560518,-74.2257372
581,87107,35.1387946,-106.6151843
2229,87110,35.1057712,-106.5893067
2611,87109,35.172307,-106.578275
6162,87123,35.0847534,-106.5294182
6278,87107,35.1104799,-106.6080385
6406,87114,35.2070651,-106.6545174
6672,87113,35.1750878,-106.5566558
6543,88101,34.4277948,-103.1951061
6477,87402,36.7655072,-108.1476888
10010,87105,35.0591728,-106.7000421
6474,88201,33.4284152,-104.5213899
964,87505,35.6602047,-105.9786239
991,87501,35.691962,-105.951442
6450,87505,35.6463452,-105.9543449
973,89701,39.15151,-119.7660261
6579,89801,40.83549,-115.785218
2152,89014,36.0601125,-115.0351261
6248,89014,36.0594768,-115.0482402
913,89102,36.1458723,-115.1895682
2141,89183,36.01251,-115.1193717
2198,89135,36.1605905,-115.3351112
2231,89148,36.0991784,-115.2956297
2277,89149,36.2914977,-115.2877066
2285,89102,36.158591,-115.2020245
2550,89139,36.0422143,-115.1921486
2715,89119,36.0816107,-115.1219596
2746,89103,36.0988315,-115.2263574
2783,89119,36.1192581,-115.1356463
6282,89109,36.1378776,-115.1377579
6295,89102,36.141859,-115.2071683
6297,89119,36.098721,-115.1196546
6377,89110,36.1603263,-115.0638285
6584,89123,36.0223631,-115.1230774
6642,89117,36.1603882,-115.2854666
6761,89113,36.0646846,-115.2443311
6702,89149,36.269949,-115.2637366
3351,89108,36.1991028,-115.2397756
2143,89032,36.237893,-115.160812
583,89512,39.5580242,-119.7817059
2605,89521,39.4249493,-119.7396832
3252,89509,39.47921120000001,-119.7961094
6173,89502,39.4704399,-119.7881213
2628,89436,39.5750463,-119.7405031
6027,14226,42.9920559,-78.8052786
6840,14228-2705,43.0007664,-78.82038399999999
6541,14020,43.0124854,-78.2062413
6046,14219,42.790412,-78.8136098
6121,11716,40.7639558,-73.0943088
10011,11217,40.6844635,-73.97799959999999
6502,14207,42.9554677,-78.8718193
673,14225,42.9092483,-78.7741489
6220,14225,42.9153737,-78.75038889999999
6062,13039,43.1512305,-76.1225013
6237,12065,42.8610056,-73.7718387
6033,12205,42.7297014,-73.8494645
6089,13214,43.0444346,-76.0660936
6112,11003,40.7088561,-73.7038874
6079,14626,43.21649499999999,-77.72883709999999
585,12401,41.962176,-73.99143049999999
6357,14750,42.0975058,-79.30416989999999
6123,11559,40.624612,-73.7370368
6122,11756,40.7250833,-73.51208
6730,14094,43.145602,-78.6987264
6595,10547,41.3107303,-73.8689947
2471,10954,41.0988851,-74.01863709999999
10012,12550,41.518897,-74.0712191
6223,14304,43.089474,-78.96804000000002
6597,13820,42.4483234,-75.0335403
6528,11901,40.9192852,-72.7155976
6034,14623,43.0881488,-77.6441169
6242,12306,42.8075243,-73.9940972
6108,14564,43.0315181,-77.4399827
6574,14224,42.8366193,-78.7858414
493,14221,42.9657697,-78.69541199999999
6098,14221,42.9588574,-78.6951515
6030,44333,41.1368719,-81.636608
6519,44004,41.8824795,-80.75492419999999
6781,44122,41.4462821,-81.4948247
3340,45431,39.7725764,-84.05476929999999
287,45242,39.2482656,-84.3695939
6101,44512,41.0242988,-80.6496198
6087,44718,40.8491776,-81.4249262
6392,45601,39.3534131,-82.9745185
2151,45213,39.1701312,-84.42832519999999
6176,45245,39.1051264,-84.27262929999999
6247,45249,39.290878,-84.30823199999999
6601,44118,41.5190054,-81.550032
6415,43219,40.0602132,-82.9182964
6600,43240,40.1398294,-82.9841842
6757,43214,40.06493529999999,-83.023967
6085,44221,41.1169466,-81.48100699999999
84,45459,39.638265,-84.21791379999999
87,45426,39.82436879999999,-84.2870099
2395,45414,39.8440818,-84.1946268
6318,45459,39.63205860000001,-84.20879149999999
6548,43512,41.3016081,-84.3580429
6810,43015,40.2916046,-83.0355151
6416,43017,40.0721676,-83.1361774
6719,44125,41.4059221,-81.6144625
2523,45011,39.3883866,-84.5097512
6752,43026,39.98997079999999,-83.1488785
6031,43528,41.6141328,-83.6960521
6581,43130,39.73322220000001,-82.6249629
3278,45805,40.752533,-84.1460931
6236,45805,40.7625432,-84.1449255
6211,44906,40.77602,-82.589635
485,43302,40.5828445,-83.0841126
6256,44646,40.7914758,-81.4523332
6023,44124,41.5181974,-81.4489791
6041,44060,41.6578505,-81.361229
6024,44130,41.3761604,-81.7866895
2307,45150,39.1606613,-84.27271379999999
6080,44446,41.2142809,-80.749104
10013,44720,40.9034426,-81.4498717
6025,44070,41.4194904,-81.90876589999999
6229,43619,41.616573,-83.484571
6499,44134,41.4064825,-81.6959667
6811,43551,41.54122660000001,-83.58837790000001
6742,43068,39.9883207,-82.78231869999999
6138,44116,41.4599879,-81.8628876
6589,44139,41.3847426,-81.4355838
2479,45246,39.2889185,-84.4674288
6494,45504,39.937271,-83.83499119999999
6427,43952,40.3673393,-80.641038
6398,44224,41.1553884,-81.41080439999999
6534,44136,41.3198259,-81.81150509999999
267,43623,41.6991104,-83.6480529
6064,43623,41.7006525,-83.6521838
6113,43612,41.7225439,-83.5293885
6804,44281,41.0403271,-81.6914371
2302,45069,39.3577634,-84.3609322
6309,43081,40.103712,-82.92364049999999
6204,44145,41.460907,-81.95430259999999
6228,44092,41.5851604,-81.4851996
6465,44094,41.62975,-81.4282772
2085,73034,35.6388446,-97.4848663
582,73505,34.6116613,-98.4239937
3321,73110,35.4377426,-97.40535
2689,73160,35.3176371,-97.4870976
699,74401,35.7543992,-95.3672897
2714,73069,35.2388123,-97.48415609999999
6394,73072,35.2105467,-97.4855621
83,73139,35.389907,-97.528639
435,73134,35.606913,-97.5546859
676,73128,35.4629208,-97.6203498
2163,73132,35.5620031,-97.6526765
2252,73112,35.5250509,-97.56271000000001
2133,74055,36.2950378,-95.8363627
47,74145,36.0886766,-95.8886643
359,74136,36.0585604,-95.95929079999999
2132,74133,36.0629332,-95.8548959
2391,74104,36.1396554,-95.9585646
50,74112,36.134375,-95.90613959999999
893,97005,45.5012636,-122.8074036
954,97006,45.5368962,-122.8655042
6396,97701,44.0555736,-121.2681365
6500,97330,44.58617,-123.256401
920,97408,44.0908534,-123.0653039
6312,97404,44.0995412,-123.1267023
6817,97405,44.0277876,-123.093112
977,97030,45.4990749,-122.4095191
864,97086,45.4353572,-122.563005
6796,97838,45.854399,-119.2901241
542,97123,45.5078448,-122.9624719
6772,97124-9434,45.5354403,-122.9016173
940,97504,42.364574,-122.8589549
6580,97267,45.4115386,-122.6266456
645,97205,45.52034949999999,-122.6781519
888,97220,45.53304,-122.5619244
6291,97266,45.4481467,-122.5801405
6739,97209,45.529815,-122.684863
832,97214,45.52044890000001,-122.6623079
855,97302,44.9119914,-123.0466207
6292,97301,44.9371434,-122.9818526
810,97223,45.4443126,-122.781305
921,97224,45.4111799,-122.7462288
6205,97223,45.4336391,-122.7518289
2283,97070,45.33464379999999,-122.7628192
518,18104,40.5809588,-75.52404609999999
100,15102,40.3465018,-80.0509956
6114,15017,40.36947199999999,-80.1050829
10014,17007,40.1602945,-77.1365476
6349,16066,40.6904343,-80.1046739
6029,16565,42.070578,-80.1009392
6174,19030,40.185005,-74.8658836
6224,19053,40.151731,-75.0002865
6263,15601,40.3034275,-79.5157828
6063,17112,40.3127426,-76.80368729999999
6517,17601,40.0693404,-76.3187629
6145,19446,40.2479056,-75.24070569999999
10017,17050,40.2488877,-77.00952699999999
6075,15146,40.4371021,-79.7675168
2180,15120,40.4120376,-79.9042224
6240,19149,40.04341489999999,-75.0544377
6720,19114,40.0847183,-75.0225553
6073,15205,40.4528907,-80.1716138
6083,15237,40.552794,-80.0154173
6115,15236,40.3312667,-79.9456234
633,19462,40.1056159,-75.2947921
2364,19610,40.3594428,-75.98649209999999
6316,19605,40.3812949,-75.9268914
2490,19064,39.9144914,-75.345694
374,16801,40.8308373,-77.8083547
6770,15084,40.5683788,-79.8025626
6583,15301,40.1890074,-80.2267208
2359,19403,40.1291844,-75.39931849999999
6599,17402,39.9744728,-76.679189
2713,00959,18.3902046,-66.1504497
6183,00961,18.4135172,-66.1610232
# CAGUAS,(787) 744-9500,44.679355,10.077285
2712,00987,18.3875,-65.993056
6184,00987,18.3807819,-65.9573872
6648,00987,18.3807819,-65.9573872
2684,00968,18.4053115,-66.1014604
2711,00969,18.3574502,-66.1109998
6846,00969,18.3574502,-66.1109998
6857,00659,18.4863331,-66.82545449999999
6855,00791,18.1436235,-65.8057185
6197,00680,18.1893552,-67.1506797
6362,00716,17.9940035,-66.6116327
6667,00918,18.4236188,-66.0794055
6218,02920,41.75877699999999,-71.457048
379,29621,34.5472334,-82.6739599
3357,29407,32.8022348,-80.0201137
332,29210,34.0328198,-81.0921912
2127,29223,34.1127984,-80.8890748
10018,29205,34.0035719,-81.01794590000002
2179,29526,33.8581583,-79.08852259999999
336,29501,34.1943731,-79.80342379999999
62,29607,34.8211089,-82.3407639
6591,29649,34.1912398,-82.21915849999999
2196,29072,33.9999306,-81.21485059999999
2002,29464,32.8148386,-79.842758
243,29577,33.7057537,-78.8721463
2149,29588,33.6475187,-78.98601169999999
6404,29577,33.7117963,-78.8970507
440,29841,33.4975484,-81.9577559
2233,29406,32.9342808,-80.0360211
2200,29582,33.8308854,-78.6698449
6535,29118,33.5711678,-80.8765205
342,29732,34.96902920000001,-80.9965038
200,29301,34.9306384,-82.0189155
2361,29307,34.9677498,-81.8881578
6360,29301,34.9322493,-81.99065
479,29687,34.9014077,-82.3371026
10020,57401,45.4742195,-98.49285859999999
2003,57701,44.0837027,-103.2409678
6324,57701,44.1021761,-103.2241432
6118,57105,43.5130669,-96.7435414
6766,57201,44.8881782,-97.09525359999999
623,37701,35.7725582,-83.986021
10021,37013,36.0461459,-86.6562048
250,37027,36.0254948,-86.7913779
6422,37027,36.0320647,-86.787269
2139,37421,35.038892,-85.15278819999999
3235,37411,35.0090696,-85.21471799999999
531,37040,36.5838676,-87.29970379999999
2153,38017,35.049089,-89.69637589999999
6516,38401,35.5949819,-87.058567
6520,38501,36.1502032,-85.5020735
2545,37055,36.0657401,-87.3784865
3356,37067,35.9486902,-86.8229815
6322,38138,35.0913273,-89.805848
2084,38138,35.1142377,-89.802932
2613,37075,36.3098443,-86.60292779999999
2156,37343,35.1569438,-85.24766780000002
509,38305,35.6608004,-88.83000919999999
6261,38305,35.6842564,-88.85804949999999
399,37601,36.3415382,-82.3768839
382,37660,36.5438681,-82.51620969999999
37,37919,35.9316302,-84.02646469999999
536,37917,36.0106452,-83.92472099999999
6239,37924,36.0340621,-83.8761621
6695,37932,35.9002687,-84.1489933
6668,37912,36.0057221,-84.02328729999999
6647,37087,36.1980919,-86.291658
58,37115,36.2921557,-86.7047547
532,38103,35.1379539,-90.0353248
578,38133,35.2029938,-89.79681479999999
3234,38125,35.0520145,-89.8055262
3297,38119,35.106452,-89.878033
6233,38104,35.1368,-90.012795
6577,37813,36.2244516,-83.25984199999999
2316,37129,35.8535715,-86.3982164
22,37205,36.1254081,-86.84901669999999
2260,37203,36.1487444,-86.8056539
6679,37205,36.1307573,-86.85227859999999
6762,37211,36.0461934,-86.71029109999999
6557,37214,36.1817308,-86.6381085
6676,37388,35.3805304,-86.2298607
347,79605,32.4027426,-99.7558487
6487,79606,32.4100965,-99.77491359999999
2313,75001,32.9507864,-96.85054
2772,77511,29.4246402,-95.22462929999999
166,79109,35.1923865,-101.8644961
6249,79124,35.18747159999999,-101.9375218
130,76015,32.6866579,-97.1300342
3304,76011,32.754941,-97.09972289999999
6273,76011,32.7547061,-97.0958139
687,75751,32.2071872,-95.8419606
304,78704,30.2475018,-97.7703094
368,78752,30.323846,-97.70891689999999
403,78759,30.3990931,-97.74299859999999
477,78749,30.2338331,-97.8286351
2773,78704,30.2212362,-97.75691359999999
2784,78757,30.3582295,-97.73365989999999
6253,78703,30.2695463,-97.75381929999999
6311,78759,30.3921422,-97.7451608
6773,78753-1074,30.4113289,-97.6729847
6745,78748,30.362073,-97.68648820000001
6774,78751,30.3153969,-97.7345596
2805,78201,29.492066,-98.54789699999999
665,77521,29.7744161,-94.979993
178,77701,30.069518,-94.13350899999999
2185,77706,30.1226058,-94.16480829999999
10021,78738,30.3054881,-97.9448147
3257,78526,25.967924,-97.5075075
2325,76028,32.5230593,-97.3482286
2144,75007,32.9863361,-96.9077386
10022,75104,32.5937814,-96.9401615
2777,78613,30.5198085,-97.8276327
6208,78613,30.4706662,-97.8012727
6822,78613,30.5288074,-97.8121326
397,77840,30.6264285,-96.3305714
6501,77840,30.6169339,-96.3181366
620,77304,30.31576939999999,-95.4735142
70,78411,27.7062311,-97.37250329999999
468,78404,27.7719939,-97.4021333
2748,75109,32.067108,-96.4492679
2387,77429,29.9674865,-95.6932739
88,75234,32.9103925,-96.8798836
103,75243,32.9081983,-96.770928
120,75219,32.8082844,-96.8102237
322,75206,32.8496885,-96.7708341
444,75247,32.8255094,-96.87094549999999
2220,75225,32.8642268,-96.806956
2558,75254,32.9549023,-96.8159582
3264,75237,32.6506498,-96.86374479999999
6165,75204,32.80318,-96.78978649999999
483,76205,33.1923426,-97.1110229
6492,76205,33.1940839,-97.0930889
552,75115,32.6074041,-96.8245639
195,79925,31.7829991,-106.4079322
223,79912,31.8184807,-106.547463
# EL PASO,(915) 633-6100,28.1235459,-15.4362574
2581,79925,31.7612021,-106.3567191
2798,79936,31.756157,-106.265141
2134,76040,32.8363076,-97.0984303
10023,33852,27.3400286,-81.34002679999999
216,76116,32.70361,-97.4503805
2518,76107,32.7542819,-97.3516511
2752,76133,32.7859931,-97.5670536
3245,76132,32.678938,-97.3927748
3249,76120,32.7581569,-97.1714672
2122,75034,33.1029332,-96.8027673
618,77551,29.2707637,-94.8304338
129,75041,32.8587052,-96.64342049999999
2386,75040,32.964988,-96.647294
2346,78628,30.6316194,-97.69571289999999
2182,75052,32.6735446,-97.0415871
406,76051,32.9268544,-97.0918252
526,78550,26.1844517,-97.7140953
2604,75077,33.0721951,-97.0824157
12,77034,29.6402775,-95.24117369999999
15,77024,29.7826596,-95.54932470000001
16,77074,29.7108136,-95.5083768
20,77092,29.8205784,-95.46718070000001
61,77054,29.6914476,-95.4138862
67,77042,29.7377175,-95.56989209999999
86,77098,29.7349931,-95.4174563
159,77031,29.6509059,-95.56595689999999
482,77087,29.702361,-95.2982263
495,77064,29.9579635,-95.5464114
628,77015,29.7717161,-95.18494609999999
663,77037,29.91547719999999,-95.4127362
2172,77040,29.8554204,-95.513433
2195,77063,29.7364328,-95.5017132
2227,77095,29.8804724,-95.6433316
2250,77056,29.7328392,-95.46465169999999
2723,77093,29.8690556,-95.3273127
2796,77058,29.5467188,-95.108245
2809,77008,29.8123158,-95.42530219999999
3312,77082,29.73390509999999,-95.6251131
6163,77070,29.9642493,-95.5427382
6166,77096,29.687176,-95.4622844
6288,77024,29.7825142,-95.52477689999999
6289,77019,29.7535281,-95.4019308
6795,77005,29.722589,-95.442375
6706,77084,29.7876872,-95.7168245
17,77069,29.9883364,-95.5000764
262,77338,30.00505069999999,-95.2646303
2661,77346,29.9995398,-95.17471359999999
6186,77338,38.3198653,-95.2511964
630,77320,30.7235263,-95.55077709999999
2333,76053,32.8220622,-97.2031938
85,75062,32.8356691,-96.9572178
554,75063,32.9127925,-96.9621578
3322,77450,29.7806121,-95.71704559999999
6782,77494,29.7356213,-95.7747931
2228,77565,29.5427297,-95.0204837
6646,78028,30.0418477,-99.1431248
6486,76542,31.0880015,-97.7240654
2691,77566,29.0478569,-95.4569159
6560,77566,29.04914269999999,-95.46607680000001
2382,76135,32.8144991,-97.42938410000001
527,78041,27.5552955,-99.505918
6193,78041,27.549824,-99.5077869
111,78238,29.4823022,-98.5946094
407,75067,33.0042651,-96.9750461
6241,75067,33.0069235,-96.9753152
10024,75605,32.5416082,-94.7344051
196,79413,33.549776,-101.8712622
2785,79407,33.5497594,-101.9507547
6196,79424,33.5321509,-101.9209551
2117,75901,31.3141859,-94.72090949999999
6820,77354,30.2189898,-95.5650198
2541,78654,30.58253659999999,-98.2716004
161,78503,26.1885933,-98.2118643
519,78504,26.2500172,-98.2230636
6192,78503,26.1857413,-98.2183421
590,75069,33.2202433,-96.6358491
6723,75070,33.1707485,-96.642825
156,75150,32.8146932,-96.6272506
6279,75150,32.8113926,-96.62130309999999
282,79705,32.038262,-102.1160249
2688,78572,26.1973217,-98.2819902
2396,77459,29.5675453,-95.5693445
472,78130,29.473225,-98.40968
6848,78130-2501,29.7090081,-98.0885337
3280,76180,32.8543911,-97.1907897
345,77385,30.1610221,-95.4489289
395,79762,31.8916631,-102.3457138
664,75801,31.7358349,-95.61210419999999
6621,75460,33.6613377,-95.5107089
148,77502,29.6906301,-95.22168889999999
2662,77505,29.6526064,-95.15109369999999
6549,77505,29.6472705,-95.1533558
2224,77584,29.5547175,-95.3850617
2665,77581,29.5697167,-95.28749049999999
2819,78660,30.47254,-97.5967878
138,75075,33.0128302,-96.7094779
307,75093,33.0230044,-96.79878509999999
6179,75075,33.0181517,-96.71060720000001
6677,75093,33.0287419,-96.8371501
2178,77640,29.9415053,-93.9924917
6285,75080,32.976556,-96.718532
2123,77469,29.5594636,-95.7602158
2701,75087,32.913518,-96.437795
6613,75032,32.8976711,-96.4641207
6812,77471,29.5458173,-95.75246299999999
3279,78681,30.507964,-97.6869124
6473,78664,30.4834316,-97.6739097
6851,78665,30.5581259,-97.6879166
589,76904,31.43349079999999,-100.499257
6426,76904,31.4318005,-100.5017954
337,78224,29.3567189,-98.53079489999999
346,78230,29.5323361,-98.5592739
458,78216,29.5628971,-98.4812175
2218,78216,29.5234579,-98.4971953
2242,78258,29.6108469,-98.51022970000001
2350,78223,29.35039769999999,-98.4363788
2354,78245,29.4375287,-98.64670009999999
2554,78250,29.5510081,-98.66162
2793,78251,29.4906647,-98.7013869
6259,78230,29.5553173,-98.5891314
6464,78232,29.6018809,-98.4690116
6518,78209,29.4953659,-98.4808417
6707,78250,29.5471906,-98.66450789999999
6785,78258,29.6559133,-98.447032
6816,78253,29.4656329,-98.7113576
689,78666,29.8877965,-97.92213129999999
10025,78155,29.5690819,-97.9411097
6625,78154,29.5697399,-98.32513080000001
3317,75090,33.7072892,-96.5900401
2093,77388,30.0549848,-95.4338629
6361,77477,29.6370645,-95.58839309999999
416,77478,29.6032071,-95.6129376
6346,78745,30.2276738,-97.8226013
6838,76504,31.0927966,-97.38602929999999
3293,75503,33.4581976,-94.0901373
2582,77591,29.4019729,-95.01752309999999
6485,77380,30.1666684,-95.4599901
2617,77377,30.0918134,-95.64132339999999
242,75703,32.302107,-95.30600109999999
6569,75703,32.2909765,-95.3046964
539,77904,28.8421469,-96.999241
2583,77904,28.8653118,-96.99981749999999
155,76710,31.5322781,-97.19348029999999
2709,76706,31.4995985,-97.1492629
6375,76710,31.5259291,-97.17083509999999
2255,76148,32.8844594,-97.2592293
691,75165,32.416645,-96.8409906
6684,76086,32.729389,-97.794271
2495,77598,29.5376008,-95.14290799999999
2668,78596,26.1750228,-98.0042125
2204,78746,30.2906342,-97.82582649999999
3267,76308,33.8754727,-98.53922779999999
2098,78239,29.5253889,-98.3718608
2549,84003,40.3787755,-111.8148536
2659,84121,40.6248316,-111.8525586
2645,84020,40.5291435,-111.8877039
6264,84041,41.071608,-111.986712
6120,84047,40.6226779,-111.863192
6459,84404,41.2434291,-111.9676135
2838,84058,40.2734835,-111.7021998
6436,84601,40.2223143,-111.6596574
6095,84405,41.1780801,-112.0051775
972,84115,40.7241188,-111.8990289
6104,84106,40.701274,-111.857746
6281,84102,40.7602567,-111.8668931
6571,84070,40.5526737,-111.8901765
6771,84095,40.53959589999999,-111.9777329
2650,84010,40.8909061,-111.8942684
6686,84084,40.6232944,-111.9775559
3309,22303,38.78259329999999,-77.0781064
2234,24202,36.6326309,-82.1236682
2291,20151,38.8958725,-77.4458988
428,23320,36.7757645,-76.23168489999999
6207,23321,36.8233582,-76.4161056
6347,23320,36.7733525,-76.2293566
6617,23831,37.3591679,-77.4175472
6495,24073,37.1647301,-80.4217554
2266,22192,38.65320639999999,-77.2828988
6454,24540,36.5970252,-79.4257186
576,22030,38.8470093,-77.3714413
364,22042,38.8733301,-77.22608749999999
3255,22041,38.8484139,-77.1202407
430,22401,38.3042844,-77.5062313
6379,23060,37.6455348,-77.5853277
6605,23059,37.672661,-77.45982099999999
384,23666,37.0443271,-76.3874328
6088,23666,37.0390681,-76.4081363
2282,20176,39.1090585,-77.54992519999999
6458,24502,37.3642332,-79.1830256
352,20109,38.7873203,-77.5162575
6453,24112,36.6978208,-79.8781405
6671,23111,37.610854,-77.35453
3265,23113,37.5089299,-77.6143842
6639,23112,37.4197024,-77.6300069
6818,23113,37.5122235,-77.6942696
624,23606,37.0947825,-76.48944569999999
6355,23602,37.1095381,-76.4942441
381,23502,36.8544865,-76.202006
6091,23502,36.8602634,-76.2055056
339,20190,38.9660863,-77.3555552
2340,23225,37.5344771,-77.5262137
6216,23230,37.5966272,-77.5139454
6814,23231,37.5314999,-77.3545034
6222,24012,37.3183831,-79.9610616
3248,20164,39.0252922,-77.3968392
6844,23435,36.8809261,-76.42924219999999
655,23454,36.8653194,-76.0507949
6090,23452,36.8196447,-76.0685167
6231,23451,36.8643566,-75.9985693
6308,23462,36.8422264,-76.14021439999999
6788,23454,36.7540906,-76.0097081
6813,23456,36.7770914,-76.08696230000001
2334,23188,37.2740612,-76.75539429999999
644,98002,47.3189538,-122.2226402
6354,98107,47.66315700000001,-122.372807
819,98004,47.61110190000001,-122.1955228
851,98226,48.7975831,-122.4890195
6531,98226,48.772745,-122.462835
2197,98391,47.16847449999999,-122.1691916
6365,98233,48.4660597,-122.3365133
2278,98042,47.3589771,-122.1153554
982,98204,47.9060135,-122.2401842
2515,98003,47.2879167,-122.3160698
6147,98003,47.3164586,-122.3154543
2181,98332,47.3585875,-122.6079965
975,98027,47.551666,-122.0557996
6563,98626,46.145666,-122.922925
962,99336,46.2249932,-119.2128695
6341,99336,46.2190676,-119.2214558
10026,98304,37.2403992,-113.4442261
911,98503,47.0431401,-122.8318354
6779,98509,47.0580349,-122.7631646
2230,98499,47.16404050000001,-122.5171298
2802,98632,46.1454628,-122.9324931
2289,98036,47.82014390000001,-122.31598
10027,98229,48.7470761,-122.4043695
980,98273,48.4373118,-122.339392
6657,98277,48.3046619,-122.6469131
6829,98370,47.735928,-122.6465372
3256,98373,47.1562423,-122.2910539
2766,99354,46.297568,-119.2759535
811,98134,47.5864348,-122.3229735
907,98133,47.7273631,-122.3456295
956,98105,47.6645887,-122.2994756
2088,98101,47.609703,-122.3365392
6304,98134,47.5810044,-122.3358992
2696,98382,48.0765969,-123.132911
6366,98133,47.7769825,-122.3420642
863,99202,47.65397120000001,-117.3941826
957,99207,47.6997424,-117.4121994
966,99216,47.655961,-117.217192
894,98405,47.23590799999999,-122.4806884
6155,98409,47.220414,-122.4652263
984,98188,47.4549279,-122.2524752
2542,98662,45.6663957,-122.5541167
6187,98662,45.6488071,-122.5955953
6658,98684,45.6168543,-122.5302631
2309,98665,45.686696,-122.6655188
667,98801,47.4363221,-120.3199113
6665,98072,47.7532844,-122.149657
937,98903,46.568878,-120.4837964
6266,98901,46.6080115,-120.4915741
142,54914,44.2635166,-88.44986279999999
6134,54914,44.2604007,-88.47536459999999
6751,54915,44.2403808,-88.36052029999999
6074,54304,44.4747928,-88.07337179999999
117,53005,43.0346617,-88.1127501
6536,53018,43.0495118,-88.3717387
6348,54701,44.77303329999999,-91.4336776
6698,53024,43.318059,-87.924571
390,54303,44.5207923,-88.063586
6442,54302,44.4852038,-87.96547509999999
118,53220,42.954985,-88.007187
6553,53545,42.7025925,-89.00694999999999
6358,53142,42.5732832,-87.88913459999999
405,54601,43.883285,-91.162154
6809,53147,42.5910216,-88.41493919999999
355,53704,43.12459,-89.31472199999999
6111,53719,43.0546032,-89.5112185
6432,53704,43.1290438,-89.29856269999999
6550,54220,44.0755403,-87.6993402
6637,54449,44.68216229999999,-90.16211009999999
6593,53051,43.1787108,-88.1173579
141,53212,43.0902122,-87.9067915
2681,53216,43.09366199999999,-87.98180719999999
6036,53209,43.1825766,-87.96041819999999
6359,53221,42.9798415,-87.9501081
6747,53151,42.9584471,-88.105863
6729,53154,42.88090709999999,-87.9154544
6330,54650,43.87612010000001,-91.1937334
6511,54902,43.9986577,-88.5771295
2247,53072,43.0398806,-88.2577623
6835,53072,43.0850136,-88.2347544
3260,53406,42.7011818,-87.8553371
6117,53406,42.7013683,-87.85289829999999
6680,54501,45.6331725,-89.38742429999999
6675,54868,45.4756,-91.74174099999999
6393,53081,43.7579954,-87.7534
6367,54401,44.9217324,-89.6553144
6842,53213,43.0761631,-88.06509109999999
6175,53227,42.9946852,-88.0461622
6598,53095,43.3955973,-88.193366
6853,53214,43.00579,-87.9667863
2317,25504,38.4190955,-82.2848671
6456,25309,38.3374665,-81.7149579
6544,25401,39.45558279999999,-77.988732
411,26505,39.6589979,-79.961214
10028,26105,39.3033802,-81.54939859999999
6424,82609,42.8496429,-106.2796839
460,82009,41.1589874,-104.8105282
6434,82009,41.1612591,-104.7888887
2635,82718,44.2761106,-105.4927638
