#gender,age,occupation,zip,imrovement
M,25,6,94404,3
M,18,18,60435,3
M,45,5,32953,1
F,18,4,90024,3
M,25,14,06880,2
M,25,5,45011,4
M,35,14,53403,4
M,25,6,77034,2
M,50,20,95236,2
M,56,16,95407,2
M,25,4,02140,3
F,25,19,60201,3
M,25,15,94022,3
F,1,10,74114,1
M,18,0,92103,3
M,35,1,56082,3
M,25,0,44691,3
M,56,1,42503,4
M,18,16,94110,4
F,56,1,01060,2
M,25,16,10003,1
M,25,1,60657,3
F,18,4,78705-5221,3
M,35,14,75034,3
M,25,12,94114,4
F,25,0,55110,3
F,56,1,55305,2
F,56,13,92119,3
M,18,12,55076,1
F,35,3,55127,4
M,25,12,98112,2
M,18,14,32825,0
M,35,17,22810,1
M,25,0,22015,3
M,1,10,08035,3
M,25,16,17350,4
M,25,5,80227,1
M,45,16,30102,3
M,35,14,01746,3
M,25,7,63303,2
M,35,1,55454,2
M,18,17,88076,3
F,25,0,55108,3
M,25,0,22101,3
M,25,14,24450,1
M,18,18,52301,3
M,25,17,98033,4
M,25,4,55417,3
M,56,7,48114,3
M,35,7,48104,3
M,35,0,13207,2
M,56,1,23608,2
M,56,7,48114,3
M,45,12,48130,3
M,45,7,33135,3
M,18,0,38111,2
F,45,2,43229,3
F,18,20,55410,3
F,18,4,19010,2
M,25,12,97370,3
M,50,5,89432,4
M,18,2,97211,3
M,18,0,80203,0
M,35,7,19406,3
F,25,7,60607,3
F,25,20,94591,1
M,35,12,55110,3
M,35,6,50265,2
M,35,17,06074,4
M,25,1,14982,1
F,35,3,50322,2
M,18,4,23112,3
M,35,12,14619,3
M,25,0,52556,3
M,25,20,14450,2
F,45,2,98383,3
M,45,1,81004,2
F,25,1,92037,1
M,18,4,48202,3
M,18,0,80302,2
M,18,4,55427,2
M,18,4,55455,2
M,25,0,48162,4
M,45,16,01982,2
F,35,1,98126,3
M,45,18,60482,2
M,25,14,91214,1
F,25,14,37076,3
M,50,16,20015,3
M,25,2,30303,0
F,35,1,46774,3
F,45,0,11217,2
M,45,17,48116,2
M,25,6,70508,3
F,25,20,46835,3
M,25,5,33025,3
F,50,2,48118,2
F,45,7,37877,4
M,56,13,60506,2
M,18,7,10038,2
M,56,13,37922,1
M,25,12,30316,3
M,45,15,92028,1
M,1,10,55317,1
M,35,19,20871,2
M,45,7,92104,1
M,35,17,95401,2
F,18,3,33314,3
M,45,12,90277,4
M,35,1,91711,4
M,1,10,06437,2
M,1,10,79358,2
M,25,14,37931,4
F,25,7,02494,2
F,25,20,24015,1
F,25,17,91007,4
M,18,4,02451,3
M,35,14,68108,3
M,25,7,55112,2
M,56,13,30673,3
F,18,4,44515,1
M,35,2,78006,2
M,35,2,55423,3
F,25,14,11215,3
F,18,7,11215,3
M,25,16,01890,3
M,18,17,02140,4
M,50,0,88004,3
F,18,4,02142,2
M,18,12,53713,1
M,18,4,42101,1
M,35,3,55042,2
M,18,12,30318,1
F,45,1,92106,3
M,25,17,54915,2
M,25,12,27511,2
F,18,0,19143,4
M,45,7,02116,3
M,1,10,08805,4
M,25,12,01864,2
F,25,4,48823,3
M,18,4,43210,4
M,35,7,60188,3
M,18,4,48135,3
M,35,14,30030,1
M,35,17,30701,3
F,45,20,02476,2
M,45,0,74354,3
M,35,12,60563,2
M,25,12,95030,2
M,18,7,10014,2
M,45,14,46804,4
M,35,7,90069,2
M,50,15,07746,3
M,18,4,53715,4
M,35,17,99508,1
M,25,20,48009,4
M,25,1,85364,2
M,18,4,10010,3
M,25,0,84108,2
M,35,0,85621,2
F,35,3,02113,2
F,50,9,24018,3
M,18,4,10003,4
M,25,12,15217,4
M,25,0,21555,2
M,25,14,30342,2
M,25,20,10012,1
M,35,17,20009,2
M,25,15,06510,4
M,45,7,55066,3
F,25,2,27705,0
F,25,7,60422,2
F,25,6,21014,3
M,45,17,15204,1
M,35,12,94025,3
M,50,17,07650,2
F,25,9,37221,3
M,35,20,55116,2
M,45,8,21559,2
F,25,14,07030,3
M,35,2,20818,4
F,35,16,97330,3
F,56,13,60506,3
M,50,13,77459,2
M,1,10,49544,3
M,45,16,94546,2
F,18,4,92054,2
F,35,0,98117,1
M,45,0,98031,2
M,25,12,90712,3
M,50,16,98103,2
M,35,7,54016,3
F,25,1,95617,1
M,35,1,44077,2
F,18,14,22203,2
M,25,16,22112,4
F,25,0,33067-1400,2
M,25,4,75206,1
F,18,4,77005,2
M,18,19,27028,3
M,35,6,90803,2
M,25,3,96813,3
M,35,20,77024,1
F,25,17,01453,2
M,56,1,44256,2
F,25,2,90020,2
F,18,16,91780,2
F,25,7,10019,2
M,56,3,10023,4
M,45,7,60139,4
F,50,0,33313,3
M,45,11,03301,4
F,35,3,28262,1
F,25,1,83705,1
M,50,1,91030,3
F,1,2,78945,0
M,25,17,27408,4
M,50,17,09056,2
F,18,4,63141,3
M,25,16,67204,2
M,18,12,55109,3
M,18,2,55304,3
F,25,20,91403,3
M,35,4,98125,3
F,50,7,94611,3
M,35,17,92630,3
M,1,10,97801,3
F,18,1,94607,4
M,50,1,98541,4
F,35,19,92867,4
M,25,2,55113,2
M,25,12,90240,1
F,25,14,55408,3
F,25,3,02155,3
M,25,20,98033,4
M,56,0,72227-5733,1
F,45,9,85202,5
F,50,7,94949,1
M,50,16,55405-2546,2
M,35,0,63366,2
F,35,6,07950,3
M,18,4,53211,3
M,25,5,85281,5
F,18,2,98102,2
M,18,4,66044,2
M,25,4,48072,3
M,45,3,75074,2
M,25,14,02465,3
F,25,14,90046,3
F,18,4,93940,3
M,25,18,14620,2
M,25,4,65804,1
F,25,1,37153,1
F,18,12,84107,2
M,35,0,95118,3
M,25,7,02135,3
M,35,14,55330,4
F,50,2,60657,2
M,35,2,92821,1
F,25,1,55104,1
M,1,10,95123,2
F,45,5,95136,2
M,50,1,91403,1
M,35,16,65270,1
M,56,13,54720,3
M,18,12,55122,1
M,25,11,02143,0
M,18,2,02322,2
M,25,7,40515,3
F,50,8,84770,3
M,25,17,28804,2
M,18,4,60630,3
F,18,4,90025,4
F,25,7,43214,3
F,35,0,10014,2
M,25,20,55092,3
M,50,14,50265-2850,2
F,25,14,10033,3
M,50,14,02651,2
F,35,1,14618,2
M,35,7,60610,2
M,25,12,56301,3
F,35,20,94025,1
F,56,20,63026,3
M,50,16,80206,2
F,25,1,55413,4
M,25,16,97401,1
M,18,4,54703,1
F,25,1,55455,3
M,50,1,55406,1
M,35,16,19003,2
F,35,0,04287,3
M,50,1,93105,1
F,35,1,19348,1
M,45,3,50312,3
F,18,0,55105,3
F,35,1,23062,2
M,18,4,02141,2
F,18,4,72227,3
M,25,2,55106,2
F,35,14,55346,2
M,25,17,55418,3
M,35,1,80026,2
M,18,4,10461-1301,3
F,45,0,08081,2
M,35,17,55402,2
M,18,7,20037,3
M,45,11,22122,2
M,25,4,55405,1
M,35,17,22124,2
M,25,1,56187,3
M,18,5,55104,1
M,18,0,55013,3
M,25,17,55454,2
M,56,1,90024,2
F,45,0,08901,3
F,45,16,48103,2
F,25,3,41030,2
M,50,16,55347,2
M,25,19,31401,2
M,50,7,19462,4
M,35,5,96707-1321,2
M,56,13,49423,4
M,50,12,48104,3
M,50,20,48104,3
M,45,12,94103,1
M,25,17,02140,4
F,18,4,02138,2
F,18,4,02464,3
M,45,16,78204,3
F,25,3,79411,2
F,1,10,02131,2
M,35,1,83301,2
M,25,4,43201,3
F,35,7,10024,2
F,1,0,44260,3
F,56,2,99701,4
M,50,20,20009,1
M,18,4,02026,3
M,25,5,54703,2
M,45,13,89109,1
M,25,0,60645,0
F,25,9,49442,4
F,35,7,89128,2
M,18,5,55116,3
M,25,0,96818,2
M,35,16,66046,1
M,50,7,19072,3
M,25,12,55433,4
F,56,2,949702,2
M,35,20,55121,3
M,50,17,55113,2
M,25,16,11576,3
F,18,4,53706,1
M,35,6,96158,4
F,18,14,48126,3
M,18,17,72703,1
M,56,7,39211,2
F,45,9,13035,3
M,50,14,13210,3
M,18,1,14620,3
M,25,6,23235,3
M,25,0,71731,3
M,25,4,01002,2
M,50,7,08816,2
M,25,12,68508,2
M,25,0,91604,2
F,35,9,46815,3
M,25,7,85040,3
M,35,7,48197,4
M,18,0,97005,3
M,25,5,48103,4
M,45,12,37853,3
M,25,7,55429,2
M,45,7,01545,2
M,25,1,55403,3
M,25,0,02135,2
M,56,17,53705,2
M,50,1,54016,3
F,25,2,95123,2
M,25,16,21203,1
M,25,0,45237,2
M,25,3,07661,2
M,25,11,07002,2
M,35,7,93906,3
F,35,3,99504,2
M,45,11,06416,1
M,50,11,49008,0
M,25,12,03110,1
M,35,1,49417,2
M,25,0,20008,4
M,35,0,44130,4
F,56,1,06437,3
M,18,12,53715,3
M,25,15,94062,2
M,25,2,98502,2
M,35,7,19149,3
M,25,15,68516,2
F,45,16,55116,1
M,56,1,40601,2
M,45,16,93448,3
F,25,4,87110,4
F,56,6,77005,2
M,35,2,62263-3004,5
M,25,0,53213,3
F,18,4,02142,3
M,35,7,53404,2
M,25,0,40515,2
M,25,0,53213,3
F,1,1,90802,3
M,35,5,41144,3
F,45,1,97361,2
M,18,12,98105,3
M,25,7,90069,3
M,35,20,94574,3
M,25,17,60659,4
M,45,14,55416,3
M,18,0,15237,3
F,25,2,10028,2
F,50,17,87031,3
F,45,0,10036,4
M,35,11,46033,1
M,18,4,90024,2
M,56,13,72949,4
F,18,4,14620,2
M,18,4,06459,4
M,25,7,24210,2
M,35,17,12159,3
M,25,4,60201,3
M,35,12,95051,1
M,35,7,54016,3
M,35,7,20191,3
M,45,16,55011,3
M,45,1,02135,3
M,25,14,02134,2
F,25,0,78240,2
F,25,1,60551,2
F,25,9,48306,2
M,50,2,60660,3
M,35,16,92630,2
M,25,7,55112,3
M,25,11,85258,2
F,25,3,92116,1
M,50,0,44139,3
M,25,0,16101,3
M,25,12,44060,2
M,35,0,90027,2
F,56,8,90210,2
M,45,7,55555,3
M,18,20,61801,1
M,25,11,55555,2
F,50,9,91941,2
M,25,7,10025,2
M,18,12,60622,2
F,18,4,64093,3
M,50,18,95472,2
M,25,17,02149,3
F,35,20,20036,2
M,18,12,55401,3
M,18,4,60062,3
F,50,20,88005,2
M,25,7,18615,3
M,25,18,64055,3
M,35,7,95031,3
F,18,0,20815,1
M,25,20,22936,3
F,56,11,54401,2
M,18,12,01702,2
M,25,12,01915,5
M,25,7,63110,4
M,45,1,52001,1
M,45,2,60626,0
F,50,1,65203,2
M,25,0,43223,2
F,18,4,55449,4
M,25,17,75240,4
M,25,14,75230,3
M,35,7,76248,2
M,35,0,72058,3
M,18,0,75149,2
M,18,4,13655,3
M,18,1,43623,2
F,45,2,73069,3
F,25,3,84770,3
F,18,16,80260,2
M,25,20,98101,3
M,25,7,94025,4
M,50,3,92103,2
M,35,17,92618,2
M,25,12,98103,2
M,25,4,46254,3
M,25,20,94519,3
M,25,0,11215,0
F,18,14,60610,2
M,45,7,85287-2702,4
M,25,2,66044,1
F,25,9,55409,3
F,35,20,14850,3
M,25,2,33334,3
M,56,13,02115,2
M,25,12,63146,3
M,25,20,20009,1
M,18,17,12054,2
M,25,11,10549,3
M,56,17,23464-3016,1
F,45,1,01379,2
M,35,1,53703,5
M,35,6,20901,3
M,25,5,55057,3
M,18,1,15213,2
F,18,4,5849574,0
F,25,0,37211,0
M,35,12,76109,4
M,35,12,94538,2
M,35,17,01890,4
F,25,1,98027,4
M,25,6,53217,2
M,18,20,18104,3
M,25,12,53045,2
M,18,4,04901,5
M,18,18,65265,2
F,35,0,20037,2
F,18,4,92612,3
F,18,4,22310,3
M,18,4,94111,3
M,18,4,85701,2
M,35,1,55343,3
F,35,0,98622,2
F,25,1,54880,4
F,35,14,38018,3
M,45,1,08840,3
M,25,14,48336,3
M,35,7,07028,2
M,25,0,55317,2
F,35,0,55406,2
M,45,14,55076,3
F,25,0,50613,3
M,56,20,87107,3
M,25,17,19801,3
M,35,15,55117,4
M,25,11,55409,3
F,25,5,90262,0
F,25,0,07026,3
F,50,13,94702,2
M,1,10,58078,2
F,25,7,19806,1
M,50,2,87020,3
M,18,1,06279,2
M,25,17,32308,2
M,56,7,93711,3
M,45,20,98027,4
M,25,17,90804,4
M,18,7,10016,2
F,35,0,52405,4
F,25,1,22307,3
M,25,20,92101,3
F,25,9,41075,5
M,35,3,48827,4
F,25,9,98632,3
M,35,17,27587,3
M,56,1,49042,0
M,25,7,35244,3
M,50,7,40601,2
M,35,0,62704,2
F,25,9,46580,3
M,35,14,32068,2
M,25,2,55113,1
F,35,0,85024,2
F,25,4,66044,1
M,35,1,55110,3
M,50,15,55126,3
F,35,1,46815,4
F,18,4,02138,4
M,35,20,55407,3
M,18,10,55419,3
F,56,7,10019,2
M,25,0,60611,3
M,25,20,60615,2
M,18,4,02143,1
M,25,17,60611,4
F,18,4,24060,3
F,25,4,91740,2
M,25,2,92024,1
M,35,17,89015,1
F,35,20,66205,3
F,25,7,78757,4
M,25,6,68131,3
M,25,0,55408,3
F,35,7,55111,4
M,25,6,68128,4
F,56,13,03261,2
F,50,0,04259,3
M,35,0,53202,2
F,25,0,91107,4
M,50,15,02474,3
F,18,4,94121,1
M,56,20,91030,3
F,18,0,91107,2
M,25,17,61265,3
M,25,0,02131,1
M,25,14,98109,1
F,25,4,01002,3
M,50,7,30066,3
M,25,4,01002,3
M,25,4,19103,4
F,25,0,60640,2
M,35,7,02135,2
F,18,3,10017,4
M,35,6,54751,1
F,35,5,02021,4
M,25,0,21532,0
M,35,3,29425,0
M,25,11,55408,1
M,25,7,42518,1
F,18,1,86314,2
M,56,7,94612,2
M,25,7,92612,3
M,18,12,53188,1
F,25,15,27603,2
M,18,4,45231,4
F,25,0,27713,4
M,25,1,60615,2
M,25,17,45233,3
M,1,10,60148,2
M,25,12,45140,3
F,25,1,27515,0
M,25,12,94112,3
F,25,11,97370,1
M,35,16,11229,2
M,56,17,55105,3
M,45,16,55076,3
M,18,18,55113,2
M,35,0,85310,3
M,35,1,60016,4
M,50,7,23233,2
M,45,12,53718,3
F,25,7,10016,3
M,45,7,11201,0
M,18,4,07508,2
M,25,0,10006,2
M,35,7,10011,3
F,50,4,53562,2
F,50,1,33149,0
M,35,7,77079,2
M,45,17,45255,3
M,25,2,22903,3
M,18,14,25301,4
M,50,7,37938,2
F,45,9,01520,2
M,25,17,95035,3
F,35,14,45243,3
M,56,0,01606,1
F,25,14,94010,0
F,50,0,46970,3
M,25,7,55439,2
M,18,4,92802,3
F,25,11,10022,3
M,35,7,13021,1
M,18,4,85013,3
F,50,6,95014,3
M,45,1,48309,3
M,25,0,80906,0
M,18,6,21202,2
F,50,18,04849,1
M,35,6,84102,2
M,25,14,27605,3
M,25,2,30606,3
F,50,1,10706,3
M,25,7,29662,3
F,25,1,94939,3
F,50,1,62221,2
M,25,7,48070,1
M,25,5,46254,2
M,25,17,83713,2
M,25,5,10463,2
M,25,7,11793,2
F,45,2,14850,3
M,18,4,52241,5
M,45,12,37914,2
M,25,12,98033,1
F,35,9,53806,2
M,25,7,37930,2
M,25,7,15209,2
M,56,1,37922,2
F,18,4,02912,2
M,25,7,22903,2
M,45,12,80303,2
M,25,3,50311,3
M,35,11,48640,2
M,35,7,11050,3
M,35,17,55126,3
M,25,2,43202,3
F,1,0,27245,5
M,45,17,93401,2
M,25,2,60626,3
M,35,7,55124,2
F,50,2,22181,4
F,35,7,92316,3
M,45,1,44406,3
F,25,11,55409,2
M,25,0,77058,2
M,25,2,55344,1
M,35,17,68506,3
M,18,4,57103,3
F,25,4,77006,3
M,35,0,40504,3
M,45,1,16673,4
M,50,7,84093,3
F,18,4,11024,1
M,25,4,84111,3
M,50,7,10014,3
M,1,1,30707,1
F,35,9,56007,3
M,35,1,53706,2
M,56,2,08825,3
F,35,6,90035,1
M,1,8,02254,1
F,35,12,45249,2
M,18,20,76135,2
M,25,12,98074,2
M,35,12,20171,2
M,50,13,33710,1
M,50,2,33134,2
F,25,14,48067,2
M,1,10,02446,1
M,35,12,55082,3
M,25,16,55421,2
F,35,9,06830,2
M,25,11,75230,2
F,56,1,93105,3
M,25,14,05448,2
M,1,10,43357,3
M,25,12,83001,4
M,35,5,58703,2
F,25,0,13326,4
F,25,7,10562,0
F,18,0,28270,3
M,45,17,92111,2
F,25,14,80230,4
F,35,3,55405,2
M,45,0,92679,2
F,25,0,19143,3
M,25,0,47401,3
F,18,4,91604,4
M,18,4,10027,2
M,25,20,87103,3
M,25,4,74074,2
M,35,17,30145,2
F,25,4,78705,1
M,25,0,60660,3
M,50,12,98056,2
M,25,1,56082,1
M,35,1,95380,3
F,18,4,68516,3
M,35,14,11784,5
M,35,17,48083,4
M,25,1,20120-6354,4
M,45,7,64138,3
M,18,12,91423,3
M,56,19,91790-1161,3
M,50,18,72601,3
M,35,7,02766,2
M,35,1,50014,4
M,25,4,70115,4
M,25,17,99003,2
M,25,20,17022,2
M,25,0,45801,3
M,25,17,75044,4
F,25,0,94110,3
M,18,4,07030,4
M,56,2,90680,3
F,25,7,55122,5
F,25,14,55418,4
M,50,11,25302,4
M,35,0,30741,3
M,25,1,92101,3
M,25,11,20008,0
M,18,0,48314,2
F,35,1,98026,3
M,25,12,90278,3
M,45,7,30253,4
F,25,0,44107,3
F,25,20,75226,3
M,35,15,33167,2
M,50,17,78666,4
F,25,17,20120,2
M,50,7,94709,1
M,45,1,92407,4
M,18,4,191004,2
M,35,1,91768,4
F,25,17,01701,2
M,18,4,16101,3
F,1,10,76501,3
F,50,16,98257,2
F,25,1,45241,3
F,25,15,64116,3
M,35,18,90804,4
F,18,0,20008,2
F,35,12,17013,2
F,18,4,10039,1
M,18,4,48073,1
M,35,8,10014,2
M,18,6,60611,2
M,56,13,14843,3
M,18,19,12133,3
F,1,10,10562,0
M,25,15,97333,4
M,25,0,47303,2
F,35,16,45238,4
M,35,12,45243,1
M,35,6,95370,4
M,25,15,55902,3
M,25,12,27514,3
M,25,7,94301,2
F,18,14,22206,3
M,50,1,48105,2
M,18,19,30350,4
M,25,2,55103,3
F,25,4,19119,2
F,25,2,97333,0
M,50,16,12866,3
M,25,17,35205,3
M,18,4,48135,4
F,18,2,95008,2
M,18,4,78749,2
M,18,4,11209,2
F,25,14,21046,4
F,45,0,12833-2000,3
M,50,7,02461,3
M,18,18,92123,2
M,18,4,02906,4
M,35,7,64055,2
F,1,10,79605,2
M,25,17,95014,3
M,25,20,01267,4
M,25,17,95136,3
M,25,14,90292,3
F,25,7,27516,4
M,18,0,54901,2
F,18,4,55455,1
F,50,6,79410,3
M,18,17,10804,2
M,35,7,55901,3
F,25,12,94530,2
M,25,2,07026,2
F,25,3,94117,2
M,18,4,06430,3
M,45,3,90006,3
M,35,15,20723,2
M,35,16,99352,2
M,35,17,78749,2
M,35,7,80910,3
M,25,15,98103,4
F,25,3,90020,1
M,35,3,20122,2
M,25,15,98102,2
M,25,17,53406,3
M,45,17,32837,2
M,25,12,36115,2
M,35,2,20818,3
F,45,1,26505,3
F,35,0,17870,3
F,25,2,43617,3
M,18,18,90605,1
M,1,10,75633,2
M,56,6,33030,4
M,35,14,98125,4
M,25,17,98661,3
M,25,0,98178,2
M,18,18,56002,3
F,45,17,55419,3
M,25,0,92155,4
M,45,16,60302,4
M,25,0,22306,2
M,56,13,63122,2
M,25,3,94118,1
M,35,7,15203,2
F,25,3,38134,2
M,18,4,26201,1
M,50,1,19087-3622,3
F,18,4,06268,1
M,50,15,12740,3
F,35,15,43065,1
M,35,14,85331,3
M,25,17,95926,3
F,50,1,28043,2
F,50,1,98499,2
F,25,4,91428,4
M,25,0,17821,4
M,18,12,55057,3
M,25,2,97205,5
M,25,0,45245,4
M,25,12,27713-9225,3
M,45,16,60126,4
M,18,10,04576,3
M,25,15,55455,2
F,1,10,90291,3
M,25,0,27403,2
M,1,10,60148,4
F,18,4,14850,1
M,35,7,10021,2
M,25,1,55116,3
F,25,0,94063,1
M,25,12,22903,4
F,25,0,60622,3
M,18,4,80521,2
M,45,6,01950,3
F,35,0,78253,1
M,1,10,44906,3
F,25,20,60612,4
F,25,0,93940,0
F,25,1,46807,4
M,25,6,60060,2
F,25,20,85013,1
M,35,7,98144,4
M,1,10,51537,2
M,18,4,48104,4
M,25,4,22903,4
M,56,7,28754,0
F,25,4,22903,1
M,25,4,22902,2
M,25,7,22902,4
M,25,4,22903,2
M,25,4,22901,2
M,25,2,94117,2
F,25,1,77707,1
M,25,1,16508,1
M,56,0,61704,2
M,45,7,92503,2
M,35,7,62234,3
M,18,4,53142,2
F,18,1,48067,3
M,18,3,48604,1
M,18,12,10549,2
F,35,3,77429,2
M,25,4,94107,3
M,45,7,35216,4
M,25,7,98115,2
M,35,17,19360,1
M,56,13,49423,0
M,25,15,37923,1
M,25,11,60603,1
M,45,11,02155,1
M,35,7,30071,3
F,45,2,27514,4
F,25,9,28147,4
M,45,14,19382,2
M,35,0,20795,2
M,25,2,90210,2
M,18,2,63138,4
F,18,4,63146,3
M,18,4,55410,4
M,25,16,55426,0
M,50,7,17402,2
M,35,12,27614,3
M,25,12,60613,3
F,35,7,30350,2
M,45,6,23452,2
M,25,16,60614,3
F,35,6,23507,3
F,18,6,92145,2
F,18,2,55408,2
F,45,6,60031,3
M,45,12,44312,2
M,18,17,20742,3
M,18,4,22032,3
M,18,4,22401,2
M,25,7,22314,2
F,25,0,94115,3
F,25,0,94703,3
F,25,6,54729,1
F,25,20,93401,1
F,18,0,94587,3
F,25,0,94110,3
M,35,7,94550,4
M,1,10,90210,2
M,45,17,56001,3
M,50,20,55419,4
M,45,17,54022,1
F,25,4,55407,2
F,18,4,48433,3
F,56,13,92407,2
M,25,20,55455,5
M,56,1,04032,1
M,45,1,97405,2
M,18,4,06459,1
M,25,4,55455,2
F,35,16,95828,4
F,25,16,94706,2
M,35,5,04901,3
M,18,4,91501,1
M,25,12,95158,3
M,35,17,94550,2
M,25,14,94110,3
M,25,7,94041,3
F,18,4,93107,3
M,25,14,94105,4
M,56,13,94134,4
F,25,7,08902,2
M,18,1,95814,2
M,25,20,48309,3
M,18,20,44089,2
M,18,20,94608,2
M,1,1,444555,3
M,25,12,98037,2
F,18,4,64151,4
M,25,0,10469,0
M,35,11,22030,1
M,50,7,90505,3
M,18,4,06511,3
M,25,12,98102,3
M,18,4,85259,3
M,25,17,38104,2
M,18,0,77341,2
M,25,17,94108,1
M,50,5,80220,2
M,18,4,02139,3
M,1,10,19343,3
M,25,17,44118,2
M,18,4,55455,3
M,35,2,89012,0
M,25,20,98119,3
F,25,4,97233,2
M,18,10,97303,3
M,18,15,77047,2
M,25,4,98926,4
F,18,4,85033,4
M,50,1,95070,3
M,25,0,64106,4
M,25,0,73147,2
F,25,1,98144,3
F,1,10,17036,2
M,18,0,37211,1
M,25,17,55112,4
M,50,16,11963,3
M,35,12,55104,2
F,25,7,07090,3
M,18,4,55455,3
F,35,9,44406,2
M,18,4,29649,4
M,25,1,72701,3
M,35,17,22309,2
F,45,7,80304,3
M,18,4,95616,2
M,56,7,78701,3
M,56,14,02632,2
M,50,0,91789,1
M,56,16,13031,1
M,25,0,11788,3
M,35,5,70123,2
F,18,4,63332,4
F,18,4,02138,2
M,35,12,55122,2
M,35,12,97330,3
F,45,16,14424,1
M,18,4,92037,3
M,18,4,97850,4
M,25,0,60611,2
M,45,6,52556,4
M,45,7,91766,2
M,18,4,15213,2
M,25,4,24060,3
M,18,4,97333,3
M,25,4,48105,4
M,18,0,91320,4
M,45,17,94806,2
F,35,20,55104,4
M,35,1,60640,3
M,25,12,55124,2
F,45,1,12449,1
F,45,17,03054,3
M,35,3,11220,4
M,56,16,60044,3
M,35,0,30906,2
M,25,0,10310,3
M,18,4,04901,3
M,56,13,02576,3
M,18,4,91006,0
F,25,7,94043,4
M,18,4,32720,3
M,25,11,95125,3
M,25,12,60515,1
F,18,4,43235,3
F,45,20,94519,2
F,45,1,18042,2
M,18,4,60637,4
F,35,20,11215,4
F,25,20,50111,4
M,45,17,89108,3
F,45,15,55446,4
M,18,4,48109,3
M,25,1,02146,4
F,25,4,43212,3
F,35,1,55417,4
M,35,0,12831,2
M,25,20,78746,4
M,25,1,13210,3
M,35,14,78611,1
M,50,14,08028,2
M,18,4,32601,0
M,18,2,29118,2
M,18,4,11010,2
M,25,7,11215,1
M,35,2,90292,3
M,25,7,11228,3
M,18,11,53705,4
M,35,14,55129,2
M,18,4,43023,1
M,35,17,55030,2
F,45,3,98155,3
M,25,7,55125,2
M,45,16,55306,2
M,35,12,95952,2
F,18,10,55306,1
M,18,10,55303,3
F,25,6,15202,3
M,35,14,84057,1
M,35,6,20650,3
F,35,1,89031,3
M,25,6,06511,3
F,35,19,32095,2
M,18,1,45458,3
F,35,9,19006,2
M,25,12,94043,3
F,50,13,03851,3
M,50,17,49506,3
M,35,20,55108,4
M,35,1,90034,2
M,18,4,90024,4
F,18,4,90024,1
F,18,4,90024,3
M,18,17,08550,5
M,25,12,01060,3
F,18,14,55426,3
M,25,7,55311,2
M,18,0,90034,2
M,18,4,53213,4
M,25,1,08854-3115,2
M,25,12,94086,3
F,25,3,46227,3
M,25,2,46142,2
M,18,15,95616,4
M,45,0,97520,3
F,25,4,04101,4
M,35,1,81005,2
M,25,0,46227,4
M,45,3,04011,2
F,35,3,20110,2
M,56,16,79705,1
M,35,7,19901,2
F,18,11,29063,3
F,50,16,08033,3
F,35,20,94949,2
M,25,4,92821,2
M,50,6,70808,1
F,45,12,92037,2
M,25,7,55411,3
M,18,4,60202,3
F,25,7,92120,2
M,25,7,94117,3
M,25,0,91403,2
M,25,20,90048,2
M,25,17,33028,4
M,25,14,28715,2
M,18,4,43215,3
M,25,15,90066,3
M,25,7,55408,4
M,25,0,03766,3
F,50,7,90291,4
M,18,19,94618,5
M,35,7,39652,4
M,25,0,98153,3
M,25,5,55126,3
M,25,6,46835,1
M,45,1,43210,2
M,25,3,55455,3
M,56,17,22657,2
F,45,20,37919-4204,2
M,25,17,01060,3
M,25,12,60025,1
M,45,0,61821,3
F,25,7,27514,3
M,25,12,60025,4
M,25,5,96815,2
F,45,1,13088,4
M,25,2,60123,1
M,1,10,03756,1
F,1,10,48067,3
F,25,0,90035-4444,1
F,25,1,05401,1
M,25,6,15146,5
M,56,3,94561,1
F,35,0,33607,3
F,35,20,10954,0
M,18,4,91360,2
M,25,17,29401,2
F,35,15,06119,4
M,25,7,10011,3
F,35,1,55107,3
M,35,13,62035,2
M,35,14,90266,4
M,56,0,78232,4
M,50,17,57747,4
M,25,1,29205,2
M,50,7,39648,4
F,25,0,65775,5
M,18,4,61820,3
M,50,16,29464,4
M,25,17,94118,2
F,25,2,98133,4
M,56,1,85374,2
M,50,0,01379,2
M,35,0,98122,2
M,25,6,77030,3
M,25,7,38261,2
M,25,20,15701,2
F,35,5,55306,3
M,50,7,60618,2
M,25,14,08742,3
M,18,4,64920,2
M,25,11,37931,1
M,18,17,49445,2
M,25,0,37923-3112,2
M,18,4,23186,2
M,18,0,06360,3
F,25,5,92705,3
M,56,13,37923,1
F,56,13,37917,3
F,25,3,49423,3
F,45,7,52003,2
M,56,13,37830,3
M,35,11,37620,3
F,50,6,37922,2
F,56,2,03431,4
F,18,19,33953,2
F,25,4,01075,3
M,25,4,96826,3
M,18,4,96815,3
F,50,4,96822,3
F,25,4,96817,2
M,25,12,98100,2
F,25,5,91773,3
F,35,7,91362,3
M,45,7,19067,3
M,35,0,08902,2
M,25,17,14830,1
M,45,17,97330,3
M,25,2,55344,2
M,25,7,18655,3
M,25,3,19147,0
M,25,2,20037,2
M,1,0,20132,3
M,50,6,97470,3
M,25,7,33308,4
M,18,17,07030,2
M,18,4,12180,2
M,25,0,10016,1
M,25,2,08817,2
M,35,5,10990,2
M,25,19,11501,3
F,18,4,91405,1
M,35,7,10011,2
M,18,4,07940,2
M,50,18,60516,2
F,25,17,94618,3
M,18,4,21093,3
M,25,6,68108,4
F,56,12,01520,2
F,1,10,50246,1
M,18,7,64055,2
M,50,8,78065,3
M,45,17,32024,2
M,18,4,37743,2
F,25,16,95687,1
M,18,16,97405,2
M,25,0,55121,4
M,25,12,60618,2
F,50,14,60618,2
F,45,1,01609,3
F,35,9,06074,2
M,25,14,10009,2
M,35,7,08904,2
F,25,3,94117,2
M,25,12,85226,2
M,25,14,60045,2
F,25,0,19107,0
M,45,7,01905,3
M,1,19,03109,0
M,25,16,91402,3
F,18,4,23185,3
M,35,0,44280,3
F,25,2,94566,1
M,35,1,91030,3
F,50,13,53092,3
M,25,14,65023,3
F,35,16,98072,2
F,25,4,92648,2
F,25,7,94115,3
F,45,3,38028,2
M,25,12,98117,2
M,50,13,94089,1
F,50,0,20004,3
M,18,4,55403,2
M,35,15,92649,1
M,18,2,08820,1
M,25,14,98103,4
F,35,9,48302,3
M,25,16,80013,2
M,25,4,57006,2
M,18,4,02143,3
M,50,13,68502,4
F,25,14,60657,2
M,18,4,54481,3
M,45,1,01867,2
M,35,17,77096,2
M,35,7,07644,3
M,25,16,90638,3
F,25,9,80538,3
M,25,12,07054,3
M,45,14,60045,2
F,35,2,60201,1
M,25,7,94538,3
M,25,17,74074,0
M,18,7,10016,2
M,35,5,19119,1
M,35,12,96797,2
M,25,0,47421,2
M,25,0,73003,2
M,50,6,01545,4
F,25,17,97330,3
M,25,16,30269,4
M,25,0,43229,3
M,25,16,53406,3
M,25,17,43212,2
M,18,4,90024,3
M,18,4,43235,2
M,18,4,32607,2
F,45,14,46804,3
F,56,1,55406,0
M,25,1,93420-2852,1
M,18,12,12047,3
M,18,2,90038,4
M,18,12,98225,2
F,25,14,78232,2
M,18,7,60012,3
M,18,4,13165,1
F,35,7,90274,3
M,50,13,98201,2
M,18,20,19114,2
M,18,4,02452,3
F,35,2,35229,2
M,50,16,38122,3
M,35,0,90065,1
M,35,0,55127,1
M,25,20,85013,4
M,35,0,45242,3
M,25,12,78660,1
M,45,17,97124,3
M,25,12,78759,3
F,25,0,60640,4
M,18,12,78759,3
F,35,9,85255,2
F,18,20,15701-1348,3
M,25,6,46807,0
F,35,14,55038,4
M,25,2,20036,3
M,50,7,48315,3
M,35,3,77064,2
F,45,4,15232,1
M,18,4,53220,2
M,35,11,08003,3
M,25,3,95136,2
M,50,11,07043,3
M,25,4,90210,3
M,50,1,90027,3
M,50,7,74137,0
M,25,2,60102,4
M,18,0,19134,4
M,1,10,48073,4
F,25,7,33177,4
M,56,13,13502,3
M,25,1,91730,2
M,25,18,80903,3
M,25,14,90274,3
M,50,7,32114,2
F,25,4,48219,3
M,25,1,94720,2
F,35,20,75093,2
M,1,10,07960,2
F,25,15,03255,4
M,25,2,78722,3
M,35,7,10009,4
M,18,16,11209,1
M,18,2,95843,5
M,18,4,48363,3
F,18,20,77304,3
M,18,17,45701,4
F,25,14,44304,2
M,25,1,44240,2
M,25,12,75007,3
M,25,0,66614,3
M,35,17,33433,3
M,18,20,78759,2
M,18,12,55405,3
F,25,12,77019,3
M,18,4,60073,3
F,50,3,53222,2
F,18,1,80302,3
M,25,14,55438,4
M,35,2,96753,2
M,56,16,70072,2
M,35,16,22124,1
M,25,1,14613,1
F,45,2,94558,3
M,25,7,92103,4
M,25,0,11235,0
M,45,1,33705,2
M,35,15,01775,4
F,25,1,04093,2
M,25,20,55391,4
M,45,1,93304,2
M,25,7,22903,2
M,50,1,95350,2
M,25,17,94107,3
M,1,10,48073,4
F,18,3,95825,4
M,18,4,90024,2
M,25,0,77025,3
F,50,7,91362,3
M,25,20,02062,2
M,25,7,47714,4
M,25,15,90034,3
M,35,0,08330,3
M,35,7,11201,2
M,1,10,48445,2
M,25,17,361069,3
M,50,17,54409,1
F,18,14,22201,2
F,25,14,55343,3
M,18,11,45220,3
M,25,15,15217,1
M,25,0,02542,2
M,18,4,85719,2
F,35,0,92704,0
M,25,0,10021,1
M,18,17,19104,0
M,18,12,98133,2
M,18,15,21042,4
M,35,17,06110,2
F,35,16,03301,3
M,1,10,03608,3
F,35,9,03769,3
M,25,4,22030,3
M,25,0,92019,4
M,25,4,10549,4
M,25,20,22032,3
F,25,14,94114,1
M,35,1,50677,2
F,25,14,23221,2
M,45,0,90404,3
M,35,20,10027,2
M,50,6,53711,1
M,25,4,14607,4
M,50,0,66048,2
F,45,6,37766,1
M,25,7,37206,3
F,25,7,37206,2
M,35,7,10014,2
M,1,10,01597,3
M,25,16,04103,2
M,18,4,02912,1
M,35,7,01940,3
F,25,0,90802,4
F,35,7,94306,3
F,35,2,55117,2
F,18,4,53715,5
M,18,4,53706,1
M,25,7,92123,3
M,25,12,94115,4
M,35,1,90048,4
M,35,17,55432,3
F,18,1,02109,4
M,18,10,60148,2
F,25,4,32607,2
M,50,11,85726,4
F,45,1,60302,3
F,35,3,60187,3
M,25,14,60061,2
M,1,10,46324,3
M,18,4,37130,1
M,18,0,35115,1
M,25,2,98227,3
M,18,14,90038,3
F,18,7,94111,2
M,25,17,19810,2
M,56,14,18954,2
F,45,15,77040,3
M,25,1,35401,3
M,50,7,19047,3
F,25,0,02144,3
M,25,17,28052,2
M,25,3,77006,4
M,35,5,92867,3
F,35,2,94109,3
M,25,17,61350,3
M,25,0,74136,1
M,25,16,28542,2
M,56,13,58504,4
M,35,2,60061,5
M,18,5,48504,4
F,25,17,33990,2
F,35,20,48044,3
M,35,17,48313,4
F,25,7,48237,1
M,56,1,49006,4
M,25,17,94901,4
F,25,7,94121,2
F,45,5,34610,2
M,18,17,95121,3
F,18,0,48823,1
M,25,7,11215,3
M,25,12,94608,1
M,45,14,94301,2
F,35,1,37922,2
M,50,0,29678,0
F,18,19,60641,3
M,35,17,49424,3
F,56,2,95448,1
M,25,17,49423,1
M,18,11,60614,3
M,25,3,29208,2
F,35,9,95903,2
M,25,16,55103-1006,3
M,25,0,46240,3
M,35,14,55415,2
F,56,0,08055,2
M,18,4,63108,3
M,56,13,97520,3
F,18,19,05070,3
M,18,4,52405,2
F,1,10,22801,3
M,50,16,65401,2
M,25,1,27713,2
M,45,11,03301,3
F,1,10,02906,3
M,45,1,60115,2
M,25,7,30117,0
F,35,17,92509,3
M,18,2,19072,2
M,25,0,20878,3
M,35,1,90024,3
F,35,16,24450,2
F,45,2,19033,3
M,18,4,07030,4
M,50,13,60622,2
M,25,1,57106,3
F,18,4,43560,1
F,25,1,07721,3
M,45,11,49265,3
F,18,4,43402,3
M,25,20,50265,3
F,35,1,92801,3
F,25,0,53713,2
F,18,0,60641,3
M,56,7,06071,4
M,18,0,46517,2
M,25,7,22407,3
M,25,1,49503,2
M,45,7,01531,4
M,25,0,06096,1
F,1,10,06074,4
M,25,11,65775,1
M,25,4,92507,2
F,25,12,94526,3
M,35,7,94086,1
M,25,0,60089,4
F,18,0,81301,4
M,35,7,10471,2
M,50,1,98112,3
M,1,0,78130,2
M,18,0,60451,5
M,18,0,60618,3
F,35,14,01536,3
M,25,0,03755,3
F,35,7,80122,2
M,56,12,92780,1
F,25,7,94303,3
M,35,7,90026,3
F,56,6,90630,2
M,50,7,92886,3
F,1,0,95404,3
M,35,7,94806,2
M,1,10,94501,3
M,18,4,55455,2
M,18,4,97470,3
M,45,15,92880,4
M,35,11,10538,1
M,50,0,44126,2
F,50,1,10024,3
M,18,4,80302,4
M,25,6,33156,3
F,35,16,02472,2
M,25,6,62702,1
M,18,4,78626,3
M,25,4,26508,3
M,50,7,55016,1
M,35,20,94107,3
M,25,17,22041,2
M,18,0,57106,2
F,50,0,10016,0
M,56,13,30047,1
M,18,7,94104,3
M,25,4,90039,1
M,45,14,12561,1
M,35,20,90292,3
F,18,4,90039,1
M,25,12,78731,4
M,25,7,06516,1
M,25,4,78705,3
M,1,19,92557,3
F,45,14,75006,3
M,45,7,01581,3
M,18,4,11710-1641,3
M,25,7,53715,2
M,25,2,60160,4
M,35,16,50317,3
F,1,10,01915,4
M,18,19,67218,4
F,25,4,02138,3
F,25,0,94104,2
M,18,4,94720,3
M,25,1,14608,2
M,25,0,07040,2
M,25,17,32250,1
M,56,16,32043,1
M,50,4,94070,1
M,25,7,19380,4
M,25,4,02457,2
M,45,17,48105,3
M,25,5,74055,3
M,25,17,94133,2
F,18,4,02138,4
M,35,0,33174,3
M,35,1,22903,2
M,18,4,94704,3
M,25,4,55408,2
M,18,15,94606,2
M,45,11,90028,1
F,35,3,55112,3
M,25,4,08544,3
F,35,7,22039,1
M,18,17,89503,3
M,25,11,22043,2
M,45,17,21742,3
M,25,20,55105,2
M,35,6,94115,3
F,18,4,76201,3
F,18,4,10003,2
M,45,7,77351,2
F,25,3,30308,2
M,56,20,92315,3
F,56,15,20194,2
M,18,4,10128,3
M,25,12,55418,2
M,25,4,22903,4
M,50,16,19425,2
M,18,4,02138,2
M,25,7,97303,2
M,35,16,19803,3
M,35,7,28036,2
M,35,11,73120,2
F,35,1,82601,1
M,25,11,55427,1
F,50,1,60089,3
M,50,7,76054,0
M,25,17,27519,3
M,18,4,10027,3
M,25,2,90292,3
M,25,12,94118,2
M,35,17,23602,2
M,56,15,13207,3
F,18,3,55422,4
M,18,17,06040,2
M,25,4,27278,2
M,25,17,90048,5
M,25,0,20874,0
M,25,15,03755,4
M,50,12,32920,1
M,25,16,07701,1
F,18,4,63109,3
M,25,0,10023,2
M,25,0,32444,2
M,18,4,43201,5
F,25,6,74105,2
M,18,19,94523,3
M,35,14,94133,4
M,18,4,02453,3
M,18,4,44130,1
M,50,7,78704,2
M,18,14,60073,3
M,35,7,90069,1
M,25,1,94025,2
M,25,4,84064,2
M,18,4,90241,2
F,45,0,92126,3
M,25,2,98074,2
M,35,6,48105,2
M,18,4,94704,3
M,35,20,90012,2
M,25,0,60090,2
M,35,1,06417,2
M,35,14,95492,2
M,1,0,08055,1
F,25,0,80027,1
F,18,4,55455,1
M,18,10,45904,3
M,35,1,48912,2
M,18,17,63544,3
M,56,17,55117,3
M,56,13,14215,1
F,25,6,79416,2
F,1,10,55391,2
M,25,0,94558,3
M,25,17,10025,1
M,18,4,12604,2
M,45,17,44129,2
M,35,3,45215,3
M,1,10,11102,5
M,25,14,37127,3
M,1,10,54220,3
M,25,0,10009,1
F,18,6,84780,3
F,35,20,09824,3
M,18,4,77840,2
M,25,20,48103,4
M,18,4,02777,1
M,25,0,60610,1
M,25,1,68516,4
M,25,1,77845,3
M,25,15,94102,4
M,18,2,10018,2
M,25,5,55405,2
M,25,14,17857,2
F,35,9,60618,0
M,25,4,02134,0
M,35,4,84123,3
M,25,4,19104,3
M,18,0,92037,1
M,25,20,91505,2
M,35,12,01944,3
F,25,15,92507,3
M,45,0,73702,3
F,25,7,78703,4
M,25,1,19335,2
F,18,4,02809,3
F,35,0,46142,5
M,45,16,10962,2
M,35,7,98103,3
F,35,17,84067,0
F,25,2,94133,3
M,18,4,55116,3
F,50,7,94123,3
F,25,6,48108,2
M,25,14,74114,1
M,25,0,29672,4
M,45,20,43201,3
M,56,20,95123,4
M,18,10,79605,4
F,18,4,78209,2
M,50,17,85712,1
F,35,0,99801,3
F,45,7,02038,3
M,25,1,27106,1
F,1,10,99016,4
M,18,4,49841,4
F,45,9,03862,3
F,25,20,90046,3
M,45,13,52761,3
M,18,4,22903,2
M,18,20,80218,3
M,35,14,92075,2
F,18,4,01609,3
F,1,10,25801,5
M,45,17,90620,2
M,25,1,46530,4
M,35,14,95822,2
F,25,4,55113,4
M,18,17,90064,0
M,35,1,55406,5
M,50,16,77079,3
M,25,11,06851,2
M,25,7,60628,4
F,35,7,92075,2
F,18,4,19803,2
M,45,7,02460,4
F,45,12,954025,4
M,35,17,55106,4
M,25,4,19711,3
M,18,4,60201,2
M,18,17,22043,3
M,18,4,94122,3
M,25,0,59405,2
F,45,7,30260,3
M,50,17,08043,2
M,18,4,28403,4
M,18,4,60611,2
F,18,0,98225,2
F,25,6,22903,3
M,35,10,94133,2
M,25,0,69301,2
M,18,4,98105,5
M,35,17,19473,3
M,35,14,94085,3
M,18,4,85210,0
M,25,0,23451,2
M,35,20,98106,2
M,35,17,97232,3
F,25,4,90034,2
F,25,7,98188,3
M,25,0,92008,3
M,35,7,02370,2
M,50,7,37931,1
M,25,12,98133,3
F,25,9,29369,2
F,25,4,44406,4
M,56,7,10522,3
M,25,4,02430,4
F,18,19,02452,5
M,56,17,53061,3
M,18,10,53207,3
F,35,11,43201,2
M,35,7,08021,3
M,56,13,13123,2
F,25,6,33076,3
M,50,18,13126,2
M,25,17,80112,2
M,25,0,98122,2
M,45,17,48310,2
M,56,13,94025,2
M,35,7,10040,1
M,25,12,94402,3
M,25,1,27713,3
M,45,0,92626,3
M,35,6,92672,2
F,35,1,89447,1
M,25,4,30052,3
M,35,1,14260,2
M,18,1,92037,2
M,35,17,10025,2
M,35,2,78766,3
M,25,1,92103,1
F,18,4,90038,2
M,25,14,22205,3
M,18,4,95326,2
M,18,4,32607,2
M,25,2,77056,4
M,18,12,55118,1
F,18,4,59715,1
F,25,4,66049,3
M,25,17,79705,2
F,50,0,02139,3
M,18,5,12582,4
M,25,19,59602,3
M,25,12,10036,1
M,25,4,40504,0
M,25,0,92346,1
M,18,4,93004,1
M,56,7,92065,2
M,1,10,92106,3
M,18,20,60641,2
M,35,7,01720,0
M,1,19,73505,3
F,35,20,95451,0
M,50,12,87505,2
M,25,4,99217,2
M,18,4,94708,2
M,50,14,55407,4
M,45,14,85251,4
F,25,0,28304,3
M,25,6,55439,2
M,25,7,46220,2
M,56,1,55116,2
M,25,0,45459,2
M,56,13,01742,2
M,25,7,33486,2
F,56,0,48178,4
M,50,3,78704,3
M,45,12,92104,3
F,35,17,45014,3
F,25,1,10025,3
F,50,12,55391,2
M,18,19,94703,3
M,25,7,94114,4
M,25,2,94114,2
M,25,15,94550,2
M,25,11,92335,5
M,35,0,90026,3
M,25,4,78705,3
F,25,4,95616,3
F,18,20,45220,2
M,25,12,04106,2
M,25,11,02453,2
F,25,2,91351,3
M,50,7,80302,2
M,25,7,91608,3
M,25,0,20009,2
M,50,12,34761,1
F,25,14,78251,3
F,25,4,73160,3
M,35,0,95409,1
M,18,14,94070,3
M,45,17,02176,2
M,50,17,23059,4
F,18,4,55105,2
M,25,14,60048,2
M,35,6,10011,3
F,45,0,96821,3
M,25,4,91790,3
M,18,4,30305,3
M,56,16,77079,4
M,35,16,30034,2
M,56,13,12124,2
F,18,0,91601,1
M,18,14,43725,1
M,25,5,97213,2
M,18,20,30605,2
M,45,17,94602,1
M,35,20,46614,4
M,56,8,00606,3
M,25,7,97267,1
F,50,7,55082,4
M,1,0,46979,2
F,18,4,10708,3
F,35,20,10013,2
M,25,12,10002,3
F,18,5,48108,3
M,50,7,26501,1
M,35,17,06074,1
M,25,16,78411,2
M,35,7,50111,3
M,35,14,92025,1
M,25,12,50265,3
M,18,4,48104,3
M,18,0,72761,4
M,25,2,17003,4
M,25,4,06511,2
M,25,20,23225,3
F,35,1,74135,4
M,18,4,77005,2
M,35,17,37815,4
F,50,3,95032,2
M,18,20,93455,3
M,56,13,92675,4
M,25,3,00918,3
M,25,0,20015,4
F,45,7,03848,2
F,18,2,55105,3
M,35,1,32312,2
M,25,2,55372,1
M,25,18,98001,2
M,35,0,52057,3
M,35,7,94127,2
F,25,9,98001,3
M,35,14,91602,2
M,25,17,85016,2
F,56,0,46814,2
M,25,7,95076,3
M,50,0,43617,3
F,50,7,33764,3
M,35,7,83405,0
F,25,1,06417,2
M,35,12,97006,3
F,18,4,90025,4
M,25,17,48473,4
M,35,6,55122,3
F,35,1,84108,4
M,1,10,73013,4
M,25,2,87123,4
F,18,4,92833,2
M,18,1,62522,2
F,1,10,55082,2
M,50,6,22039,1
F,25,11,43201,0
M,35,12,98166,2
M,25,0,33142,1
M,25,17,92656,2
F,25,6,91423,2
M,18,15,91101,2
M,25,12,34170,1
F,50,16,44319,2
M,35,12,10128,4
M,18,6,19104,3
M,35,2,98055,3
F,18,9,75801,4
M,18,14,10017,3
M,25,15,92121,4
M,35,1,90504,3
M,50,13,02718,4
F,35,3,55075,0
M,35,20,17112,3
F,25,3,17522,3
M,25,4,70806,3
F,25,0,19063,2
M,25,17,55410,3
M,56,6,77379,3
M,25,7,63366,2
F,18,14,50401,4
M,25,0,10013,5
M,25,17,49017,3
M,56,14,92630,3
M,25,4,22901,3
M,35,17,94954,3
M,35,7,53150,2
M,45,1,24523,2
M,45,12,55436,0
M,25,6,19342,2
M,35,7,30324,3
M,45,15,93555,4
F,25,11,10022,1
M,25,7,55105,2
M,25,4,48109,1
M,25,12,55107,2
F,35,0,04255,3
M,56,0,91367,0
M,56,7,55042,2
M,18,16,55416,4
M,25,12,90034,3
F,18,4,55422,1
M,25,4,01604,3
M,25,7,55346,2
M,45,7,30076,3
F,56,6,01852,2
M,25,20,94111,4
F,45,3,44555,2
F,35,6,55125,2
M,18,4,53211,2
M,35,2,92115,4
M,25,14,95820,3
M,25,2,94404,2
F,25,16,67846,3
M,50,12,90254,3
M,25,12,77042,2
M,25,0,55812,3
M,50,1,01096,1
M,25,2,90035,4
M,35,7,90014-1718,3
M,35,2,55104,1
M,35,7,85331,2
M,45,6,22630,2
F,25,14,55104,2
F,35,6,48105,3
M,25,4,95616,2
F,50,6,04086,3
M,25,12,94114,1
M,25,15,02139,3
M,45,0,43615,4
M,25,12,02144,3
F,25,6,77054,3
M,35,1,32792,3
F,35,7,55021,4
M,18,4,60201,3
M,18,4,55102,3
M,25,17,94602,2
F,50,7,02889,4
M,35,17,44301,3
M,35,17,95014,2
M,25,4,32653,2
M,56,7,01040,3
F,35,20,93449,4
M,18,14,08822,4
M,25,14,30340,2
M,25,17,20886,3
M,25,14,92614,3
M,18,3,92278,3
F,45,9,63119,3
M,25,0,89145,3
M,18,14,80526,3
M,35,16,66208,2
M,35,7,07043,2
M,18,0,47933,3
M,18,4,58102,2
M,35,2,91344,1
F,50,1,94550,3
F,25,17,80301,3
M,25,1,77064,2
M,25,0,95903,3
M,18,4,83706,4
M,25,12,55108,4
F,1,10,29146,2
F,35,9,94587,3
M,18,4,04915,3
M,25,17,55125,2
F,45,15,44106,4
M,25,0,06880,3
M,25,4,68108,4
M,25,7,05346,3
M,35,5,08406,3
M,25,2,10003,2
M,45,14,55123,4
M,25,4,98102,2
F,35,12,48109,2
F,35,16,48237,1
M,25,20,29205,3
M,35,7,06680,2
F,35,0,42420,1
M,18,4,93117,4
F,35,5,49424,2
F,45,6,42420,3
F,35,0,37920,3
F,56,13,37931,3
M,56,13,37830,2
F,50,1,02324,2
M,18,4,45750,3
M,56,13,37938,4
F,35,6,37919,4
M,35,11,10023,3
M,25,4,22903,2
F,25,14,95125,3
M,35,17,62034,3
M,25,17,32224,3
F,25,0,06040,0
M,25,16,37922,3
M,18,1,55408,3
F,45,7,60605,2
F,18,3,32219,2
M,18,1,57382,2
M,25,7,20170,2
M,25,17,90210,2
M,35,20,60640,3
M,35,20,60640,2
M,25,2,90068,3
M,25,14,60148,3
F,45,16,65441,1
M,56,0,01886,2
M,25,0,99163,3
M,25,7,91403,3
M,25,16,59079,2
F,18,17,94606,2
M,35,7,11747,3
M,25,5,85705,3
M,25,4,94305,3
M,25,12,10014,1
M,18,4,53190,3
M,18,0,95037,2
M,25,12,11217,3
M,18,4,60047,5
M,45,12,95051,3
M,25,2,10002,3
M,35,7,98607,3
M,25,0,33702,2
M,18,7,55403,2
M,25,17,23454,4
M,1,0,95451,3
M,1,10,60202,3
F,25,0,30102,1
M,25,7,32836,2
M,35,0,95826,4
F,25,6,95833,3
F,35,17,90291,2
F,35,2,95521,3
M,50,0,76067,3
M,18,0,87122,1
M,56,13,55804,3
M,35,1,92120,3
F,45,3,94560,4
M,45,7,48322,3
F,35,6,95843,3
M,25,20,79912,4
M,35,12,95677,2
F,18,4,53538,5
M,1,10,55427,3
M,18,12,73112,3
M,25,15,92111,2
M,56,13,95129,0
F,25,14,94301,2
F,25,5,91311,3
M,35,17,94804,3
M,18,14,90292,0
F,35,20,94118,2
M,25,19,93536,3
M,35,0,90401,3
M,56,12,94109,4
M,50,7,94024,2
M,25,14,07702,0
M,25,17,54401,1
M,25,20,19083,3
M,18,0,92122,2
M,45,0,02131,2
M,18,4,76266,1
M,25,3,77057,3
M,25,7,79416,3
M,25,12,55303,3
F,35,9,46077,2
M,45,17,80907,2
M,25,0,60173,3
M,1,0,75070,2
M,35,7,60510,4
M,56,10,11361,4
M,25,12,94501,3
M,25,7,91436,3
M,18,10,64050,4
M,35,19,11201,4
M,18,4,55120,2
M,25,1,08904,2
F,25,4,48042,3
F,1,10,72601,5
M,25,14,95821,4
F,18,4,48104,2
M,18,4,03106,2
M,45,2,29440,3
F,35,1,92705,1
F,25,0,02148,1
M,18,4,61801,4
F,18,4,48135,1
M,18,14,48185,3
M,35,16,92630,4
F,35,17,89507,2
F,18,4,48104,2
M,35,12,95864,4
F,50,1,93103,3
M,35,12,98033,0
M,25,0,02143,2
M,25,1,97302,3
F,35,2,75214,3
M,35,0,18360,4
M,1,10,75040,3
M,35,0,91505,2
F,45,1,85259,2
M,18,5,55344,2
M,25,1,97321,3
F,25,0,97213,1
M,18,16,27705,4
M,35,7,10625,5
M,35,7,95765,3
F,18,4,98052,1
M,25,12,98116,3
M,25,1,97206,3
M,35,20,97333,2
M,25,12,98684,3
M,35,16,98029,2
F,25,17,85301,2
M,50,14,92026,3
M,35,2,97214,3
F,25,19,98102,3
M,18,4,98312,3
M,35,1,98502,3
M,25,18,78757,4
F,25,7,07067,3
M,25,17,79925,4
M,18,4,44266,1
M,25,6,75080,2
F,35,14,60202,3
M,25,5,02891,2
M,35,7,44125,3
M,18,20,49506,3
M,35,2,19123,2
M,45,7,37343,3
M,50,17,39567,5
F,45,20,04046,1
F,18,0,06360,2
M,18,10,99016,1
M,18,16,29404-2205,3
F,45,6,04240,2
F,50,5,60714,3
M,45,1,37027,4
M,25,7,06854,3
M,25,12,98034,2
M,35,17,48323,1
M,25,10,55414,3
F,25,7,06854,5
M,25,0,10002,3
M,25,7,90248,2
M,25,14,06511,3
M,18,4,94118,1
M,25,17,11106,0
F,18,0,91030,3
M,25,4,98115,4
F,25,2,75075,4
M,35,17,93436,4
M,25,14,97203,1
M,50,7,94114,1
M,1,10,97201,2
F,25,2,10475,1
M,18,4,85282,3
M,25,19,94111,4
M,35,0,09142,1
M,1,10,75082,3
M,25,14,76051,2
M,25,1,60613,1
M,35,14,07920,2
F,25,12,20850,3
F,18,15,02115,2
M,35,17,55113,2
F,25,1,55108,3
M,18,15,94061,2
M,25,12,94618,1
M,50,11,66048,1
M,18,10,55421,3
F,35,6,76021,3
M,35,0,97225,2
M,18,4,56043,2
M,25,12,55112,2
F,35,4,19104,2
F,25,7,10023,3
M,35,20,19108,1
M,25,7,23112,2
M,25,11,19130,3
M,25,14,55113,1
M,18,16,99353,2
M,18,15,53706,4
M,25,0,10016,3
F,35,4,97068,3
M,35,7,33407,1
M,25,14,55391,1
M,35,12,11375,3
M,56,7,27410,4
M,25,2,92711-0571,4
M,18,0,02215,3
M,25,0,02478,3
M,35,18,72118,2
M,25,0,44512,2
M,56,2,92020,2
F,35,12,01464,1
M,56,3,52240,2
F,35,6,48073,3
M,25,7,49221,2
M,18,4,15217,3
M,25,15,53704,1
M,35,7,80304,1
M,35,7,40601,1
F,25,4,89431,3
F,25,14,46220,2
M,25,7,91423,4
M,56,14,40207,3
M,35,6,48439,3
M,45,7,97720,2
F,25,14,93428,3
M,45,4,77009,3
F,45,12,85283,3
M,25,7,91941,4
M,45,18,26101,3
F,25,0,02176,1
F,1,10,32043,3
F,35,16,92054,3
F,25,14,97367,1
M,18,4,73071,2
M,25,7,12801,1
M,25,17,00693,2
M,35,0,14086,3
M,25,15,70809-2612,2
M,35,14,55418,2
M,35,15,94706,3
F,18,4,94702,3
F,25,0,94403,3
M,25,0,43081,2
M,25,12,21045,5
F,18,4,95602,3
F,25,17,92121,2
F,25,2,68502,1
M,18,4,61820,4
M,18,17,98121,2
M,18,4,30606,2
M,25,20,75006,2
M,18,3,48005,2
M,35,15,94002,3
F,25,15,94002,2
M,45,11,33133,3
M,45,13,77706,4
M,56,13,95929,3
M,35,7,80221,2
M,25,15,02140,2
M,25,17,77449,2
F,35,9,10021,3
M,1,10,13066,3
F,50,1,52002,3
F,1,10,10706,3
M,35,12,08852,3
M,35,7,15137,4
F,35,9,17055,2
M,35,16,08753,3
M,56,6,74105,4
M,45,11,48104,3
M,25,20,90024,1
F,1,10,13090,1
M,35,17,82604,2
M,56,0,06082,4
M,25,14,70005,3
M,25,12,0956456,3
M,25,2,11105,1
M,35,0,94610,2
M,25,16,47274,2
M,56,1,53705,2
M,18,12,02115,4
M,25,7,49686,1
F,18,20,60194,2
M,50,7,94107,3
M,35,15,91411,3
M,25,7,77099,2
M,50,6,06511,4
M,35,7,76248,2
M,56,15,37830,3
F,56,14,95005,4
M,18,0,63116,2
F,18,12,05055,3
M,25,3,75150,3
M,18,18,13045,4
M,25,20,81101,2
M,25,7,21030,1
M,25,14,94404,3
F,50,7,13027,2
M,25,1,13210,3
M,35,0,06108,4
M,50,1,13215,2
F,35,7,06082,1
F,45,7,01602,2
F,25,9,53719,2
M,18,4,15213,3
M,50,7,48152,4
F,50,0,95616,5
M,18,4,94044,2
M,18,1,50310,2
M,50,7,80004-4448,3
M,1,0,02322,3
M,56,1,19026,2
M,25,16,97378,4
F,25,17,19810,2
M,25,17,20866,2
M,25,12,53154,4
M,18,1,70006,2
M,18,4,46219,4
F,35,7,60201,3
F,35,5,47129,3
M,35,12,94107,4
M,50,20,92106,2
M,35,7,02127,2
M,56,13,85248,2
F,45,1,46774,3
F,18,4,44509,3
M,25,7,10019,2
M,18,19,75080,2
M,35,6,37664,3
M,50,0,11947,2
M,1,10,92846,0
M,25,4,29732,4
M,50,0,62234,3
M,18,4,03052,2
M,35,17,90035,3
F,35,1,91106,2
M,56,20,44281,2
F,50,11,94102,2
F,50,0,55401,3
F,45,1,55407,4
F,25,1,01950,3
M,18,4,55104,4
M,45,2,94618,2
M,25,14,02148,3
M,35,4,10036,2
M,45,12,01603,2
M,18,17,33186,3
M,18,5,91767,4
F,25,0,19001,3
M,45,0,14468,3
M,56,13,32806,2
F,45,12,23116,1
M,25,6,04456,0
M,35,17,01519,3
M,18,4,49546,2
M,56,13,49307,3
F,35,6,27516,4
M,56,1,30345,4
M,18,0,46304,3
M,25,1,06877,0
F,35,0,44313,2
M,35,7,61910,2
F,25,2,11217,3
M,1,0,94525,2
F,45,6,95209,3
F,25,9,93940,3
F,35,0,55406,4
M,35,17,37221,1
M,45,6,95695,2
M,25,14,94133,1
F,18,4,92805,4
M,1,10,94707,1
M,25,17,95126,2
F,45,13,94931,4
M,50,13,01938,3
F,35,14,95051,3
M,18,10,92704,3
M,45,7,90405,4
M,25,14,02142,3
F,18,3,60640,3
M,50,14,33401,3
M,25,12,94131,4
F,25,14,94109,4
M,56,17,32822,3
F,35,17,48219,4
M,18,12,20878,4
M,18,4,97331,2
M,56,13,03440,2
M,50,16,49277,3
F,25,9,48021,4
M,25,15,77006,3
F,50,20,27516,3
F,25,15,91360,2
M,18,4,56001,2
M,45,6,44131,2
F,25,12,10011,3
M,56,8,12436,3
M,25,7,36102,2
M,45,18,02557,2
F,50,9,01450,2
M,45,16,97068,2
M,18,4,18042,2
F,18,20,55104,2
M,18,20,72837,4
F,35,9,07452,4
F,56,6,91941,2
M,18,2,90025,1
F,35,17,60618,3
M,25,1,40214,3
F,45,1,27615,3
M,18,0,89129,1
M,18,4,94706,3
F,25,2,02903,2
M,18,4,20037,3
F,18,9,73008,4
F,35,7,92625,2
M,25,17,43201,3
M,18,4,80521,2
M,18,4,60115,2
M,1,10,07652,4
F,25,7,03862,2
F,18,4,27514,3
M,35,20,45236,3
M,18,17,19030,0
M,18,12,55123,0
M,35,0,75023,2
M,25,4,97330,4
F,25,12,55438,2
M,18,4,44056,3
F,25,3,98501,3
M,18,20,86001,3
F,18,4,48104,2
M,35,12,94025,3
M,35,11,20879,1
F,50,11,87004,3
M,35,5,92801,4
M,25,11,76309,2
M,18,0,62225,3
M,56,18,53404-1230,2
F,1,10,77477,2
M,25,20,72701,3
F,25,4,22207,3
M,45,14,95002,2
M,35,6,75225,3
M,25,20,95380,2
F,25,7,98109,3
F,45,6,19802,2
M,35,12,95833,2
M,18,3,85226,3
M,25,3,85013,3
F,18,4,45750,4
M,35,5,98465,2
F,18,4,34243,2
F,56,1,20815,2
F,35,0,90004,2
M,25,2,91910,1
M,50,1,45385,3
M,35,11,38135,2
M,50,2,10028,1
M,25,0,94122,1
M,45,7,67301,4
F,45,17,27616,3
M,18,0,46250,3
M,1,10,81301,3
M,25,4,22903,2
M,18,4,40205,4
M,25,17,28262,2
M,25,15,12203,3
F,18,20,49321,2
M,25,17,78730,2
M,56,13,27514-3540,3
F,45,15,78750,2
F,35,16,78222,4
F,25,3,06810,3
F,35,7,60302,4
M,18,2,10012,5
M,25,7,21117,3
M,25,7,60046,2
F,25,7,22209,3
M,25,2,90401,2
M,18,4,55414,3
M,25,2,32118,2
M,25,2,32118,2
F,25,0,10003,3
M,25,12,30337,2
M,25,7,10025,2
M,25,4,70115,1
F,45,3,55125,0
M,1,14,19147,1
M,50,16,93003,4
M,18,4,29201,1
F,18,4,95132,2
M,50,16,92612-3417,1
M,56,7,55105,2
M,45,7,98028,2
M,50,2,50310,4
M,35,7,75214,2
F,18,4,68154,3
M,18,4,43214,3
M,25,14,60153,2
M,18,10,90274,3
M,50,7,55105,2
M,18,4,44074,3
F,56,0,14850,4
F,1,0,14167,1
M,18,1,04101,3
M,1,10,05667,4
M,50,7,52402,2
F,18,1,60640,2
F,25,3,07960,0
M,50,2,90029,3
F,45,3,48130,2
M,35,4,37917,1
F,35,20,75287,2
F,50,18,20706,2
M,18,0,10009,1
M,25,1,53706,4
M,25,20,90027,0
F,45,0,55419,3
F,18,4,95008,4
M,35,7,90020,4
M,18,4,27607,4
M,35,12,92009,2
F,45,12,61554,2
F,50,6,33436,4
F,56,13,55104,3
M,35,5,48342,1
M,35,20,32708,0
F,50,2,22207,2
M,18,4,31201,3
F,35,7,98074,1
F,35,16,80401,3
M,56,13,90740,3
M,25,17,01752,3
M,35,1,74012,3
M,56,11,12144,3
M,35,6,60025,2
M,18,4,80631,3
M,25,2,10023,3
F,25,4,46807,2
M,45,2,06513,2
F,25,9,32712,3
M,50,12,60148,2
M,35,2,13676,1
M,25,18,62330-1408,1
M,25,0,84119,2
M,25,1,55105,1
M,25,7,45011,2
M,56,16,60610,0
M,18,14,10024,3
M,35,1,55127,2
F,18,9,94538,2
M,18,0,23455-4959,3
M,35,14,92084,2
M,56,1,32940,3
M,25,7,60137,1
M,25,14,68502,2
M,35,17,95125,3
M,25,1,28027,2
F,50,0,55042,3
M,50,17,23233,3
M,18,20,02601,3
M,45,12,55117,4
M,25,7,02035,1
M,56,0,55108,2
M,25,8,95380,1
M,35,6,18249,2
M,50,0,98826,4
M,25,2,48197,3
M,45,17,18036,0
M,35,6,60061,2
M,25,15,92656,4
F,25,4,15701-2017,3
M,25,14,80232,2
M,25,6,73118,2
M,25,1,43214,3
M,56,1,13077,2
F,25,20,55428,2
M,35,15,83616,0
F,25,1,26542,3
M,25,14,55104,2
M,18,4,33168,1
M,18,6,30064,3
M,25,2,84321,4
F,18,10,13090,4
M,35,17,77584,1
M,25,0,45458,1
F,56,3,48130,2
M,50,15,13039,2
M,45,1,13214,2
M,56,13,52003,3
F,25,6,22923,3
M,45,11,72316,2
M,25,7,95616,3
F,35,17,30096,2
M,45,0,45248,1
F,35,9,83616,2
M,25,15,06460,3
F,45,6,84318,3
M,45,13,53132,4
M,18,0,98021,2
M,35,5,34786,3
M,56,7,20814,4
M,25,0,06451,2
M,35,17,94022,4
M,35,14,06040,2
F,56,13,13057,3
F,25,9,49424,3
F,35,0,49504,2
M,50,14,95823,2
M,25,14,94110,0
M,50,6,13210,3
M,35,7,55124,2
M,25,20,46802,2
M,45,15,64081-8102,3
M,35,7,19610,3
F,25,1,97201,3
M,25,11,60611,0
F,45,1,12538,2
M,50,6,90504,1
F,56,13,90241,3
M,25,17,11354,5
M,25,20,60615,2
M,25,0,19004,3
F,56,13,78737,3
M,50,16,92129,3
M,18,4,90048,3
M,56,2,91321,2
F,18,1,94606,3
M,35,7,94306,3
M,50,7,95008,2
M,25,7,94043,3
M,45,14,95148,3
F,50,7,12866,3
M,35,7,74401,4
M,45,7,43065,3
M,25,15,94065,2
M,25,14,53048,3
M,18,1,50201,1
M,50,17,90031,1
F,25,0,04473,3
M,25,15,94040,3
M,25,7,05346,4
M,35,17,62958,3
F,18,4,63144,3
M,35,0,02108,2
F,18,4,55406,3
M,25,7,63105,4
M,18,0,55129,1
M,50,19,13903,2
M,18,12,02215,2
M,25,4,55369,4
M,35,12,03062,3
M,25,11,48825,2
M,25,16,48309,4
F,25,0,24017,2
F,18,20,495321,3
M,25,1,24060,3
M,45,15,60035,3
F,1,10,22932,3
M,35,6,95521,3
F,25,6,80236,2
M,25,14,06405,3
M,25,0,55408,4
M,35,12,14619,3
M,35,0,06403,4
M,56,1,15701,2
M,18,12,78750,3
F,50,1,14850,2
M,1,10,95123,2
F,35,9,07728,1
F,25,4,63119,2
M,45,1,50011,3
M,18,20,02446,1
M,25,7,80303,4
F,45,20,89134,3
F,45,1,15208,3
F,45,6,48867,3
M,25,12,27410,0
M,18,12,55113,2
M,45,1,48867,2
M,35,0,98503,3
F,25,0,37203,2
M,25,14,60614,2
M,45,17,22181,3
F,18,0,45212,2
M,25,17,36092,2
F,35,6,54971,3
M,18,17,53818,4
M,35,20,60640,2
M,25,4,77345,3
M,45,7,03840,2
M,25,4,85719,5
F,35,3,48237,4
M,25,12,94131,4
F,45,6,63135,1
M,25,12,94114,1
M,50,16,60060,3
M,18,14,43613,2
F,50,1,62901,3
M,18,4,98225,4
F,50,20,95404,3
F,18,1,20003,2
F,45,14,22206,3
M,50,13,56342,2
M,25,0,98102,3
M,50,1,46077,2
F,25,1,35243,4
M,35,12,92507,4
M,25,20,41706,1
M,35,16,94108,2
M,18,17,57106,1
F,1,0,90012,4
F,25,1,68503,3
F,35,7,60137,2
M,50,6,55115,2
F,25,6,89523,2
M,56,17,55104,4
M,25,7,55409,3
F,56,3,75001,3
F,35,4,48103,4
M,25,0,94110,3
F,25,4,48104,1
M,50,17,91977,3
F,18,4,48104,2
M,35,3,94109,2
M,35,1,22181,3
F,35,0,08009,1
M,18,4,10027,1
M,25,7,06851,4
F,18,0,48104,2
M,1,0,48302,1
F,50,3,91911,5
F,50,0,02421,2
M,18,2,02066,2
F,18,1,60914,3
M,25,8,22046,3
M,25,0,03867,2
M,35,16,77301,4
F,25,4,94117,2
M,25,7,84095,3
M,35,18,10463,2
F,45,9,95661,1
M,25,7,98115,3
F,25,3,27606,3
M,56,7,20003-2712,1
M,45,17,48073,3
M,25,17,94538,1
F,35,7,07601,1
F,25,6,72211,3
M,18,12,55112,1
M,50,16,13045,3
F,18,17,97070,3
F,18,4,11214,3
F,25,6,97116,4
M,18,4,91301,2
F,56,13,95320,3
M,35,0,98368,2
M,25,17,93933,0
M,1,10,98043-3621,3
F,18,0,92626,2
F,56,6,08753,3
M,18,17,92109,3
M,25,7,94105,2
F,18,4,49525,2
M,50,14,60504,2
F,25,0,40241,3
M,25,7,55902,1
M,25,1,70458,2
M,35,0,74011,2
F,25,3,60606,2
M,25,17,77059,2
M,25,15,12345,3
F,35,7,55441,3
F,25,4,72801,3
M,25,7,32835,3
M,56,13,89128,2
M,35,17,46229,2
M,18,16,11211,4
F,18,20,45202,4
M,18,4,48197,3
F,25,1,95336,2
M,25,0,98115,3
M,50,7,94404,2
M,25,17,94089,2
M,18,3,98122,2
M,18,4,85035,3
M,45,14,22901,1
M,56,0,94043,3
F,35,2,11218,2
M,25,4,22030,3
M,25,7,20016,3
F,25,0,98115,1
M,1,10,12159,1
M,35,16,07030,1
F,25,6,90405,3
M,35,14,60657,2
M,18,14,60194,2
M,35,11,85044,3
M,35,20,80222,2
F,35,0,90403,1
M,50,1,19481,3
F,1,7,20852,2
M,45,14,05602,0
M,56,14,96744,3
M,25,2,75287,4
M,45,7,10543,2
F,25,0,65550,2
F,35,1,22947,3
F,25,1,08904,4
M,35,7,06905,2
F,25,15,87801,2
M,18,2,10010,3
F,18,1,07666,1
M,45,20,02446,4
M,18,17,02114,3
M,35,7,20901,4
M,25,7,19003,2
F,45,3,78759,2
F,35,1,54650,1
F,25,7,11753,2
M,25,20,10002,1
F,18,14,84101,2
F,18,1,02144,3
M,18,10,78230,2
M,25,17,94506,5
F,35,20,76205,3
M,35,20,10025,3
M,25,17,95209,2
M,25,15,94903,4
M,18,4,97266,4
M,35,7,2020010,1
M,25,4,16801,2
M,45,7,46112,3
M,25,12,55117,0
M,18,17,91505,2
F,18,4,60014,4
M,25,4,60056,2
M,35,11,40242,1
M,18,0,53051,2
M,50,16,90027,3
M,35,7,07040,3
M,35,14,48187,3
M,25,15,99353,3
M,45,18,47129,3
M,35,17,58503,3
M,25,15,32603,2
M,25,3,91221,3
M,50,1,39401,2
M,18,16,06510,3
M,45,1,03909,4
M,45,15,63119,3
M,18,20,67212,3
M,18,4,64154,3
F,35,20,78006,1
M,35,7,80129,5
M,25,18,10309,4
M,35,12,80206,3
M,18,4,26241,2
M,25,7,60559,2
F,35,1,29070,2
M,25,18,55412,2
F,35,4,44485,3
M,25,0,19010,3
M,45,0,20851,3
F,45,5,48341,4
M,35,12,10036,3
M,35,15,19406,2
M,25,18,85213,3
M,25,17,48092,5
M,18,17,92886,3
M,25,2,11106,2
F,35,0,55459,3
M,25,12,55405,3
M,25,17,97401,2
M,35,11,20895,1
M,18,17,94063,2
M,25,0,92646,4
M,25,17,91107,3
F,35,7,78704,3
M,35,13,63130,3
F,35,3,95405,3
M,35,20,94506,2
F,25,15,02445,2
M,18,12,60640,5
F,1,10,02879,1
M,35,16,16844,4
F,35,9,02879,3
F,25,17,92084,3
M,25,20,10010,3
F,50,16,92026,1
F,25,3,52001,3
M,25,4,55417,3
M,18,12,90045,4
M,35,7,14607,1
M,18,4,55344,3
F,1,10,55068,3
M,35,7,21013,2
M,18,12,90250,1
M,56,13,13685,3
M,50,13,41076,0
F,35,9,61270,3
F,45,1,43202,2
M,50,17,14568,1
M,35,11,94306,4
F,45,9,13203,3
F,45,2,37923,1
M,25,12,84062,2
M,25,12,91106,2
F,25,7,78666,2
M,25,12,91101,3
F,45,6,02135,2
M,45,7,01904-1355,1
F,35,7,94602,3
M,35,14,89119,2
M,56,13,92115,3
F,50,2,94530,1
M,50,6,94702,2
M,25,17,60153,2
M,25,17,67443,3
M,35,18,13027,2
F,1,10,00681,2
M,18,1,60626,2
M,50,1,01778,1
M,56,14,02632,2
M,1,10,55616,2
M,45,0,03060,4
M,25,0,01701,4
F,25,3,92103,2
F,18,4,88119,4
F,50,3,33615,1
M,35,0,90254,4
M,18,2,12345,3
M,35,14,55410,3
M,25,4,60614,4
M,25,17,27707,4
M,25,16,80126,3
M,45,6,53216,1
M,35,6,91103,3
M,50,6,42420,2
M,25,4,30349,1
M,35,12,78230,4
M,25,6,19428,2
M,25,0,33073,3
M,45,17,99005,2
M,18,15,45215,3
M,25,7,60657,2
M,45,17,18049,3
F,35,11,15116,2
F,1,10,03608,2
M,25,2,55125,0
M,45,1,47933,3
M,25,17,90031,3
M,25,7,84088,2
M,25,5,43221,2
F,25,7,48105,3
M,25,14,78267,2
M,25,20,90046,3
M,25,6,92111,3
F,56,13,02136-1522,3
M,18,4,44685,1
M,25,17,02139,3
M,50,16,80442,4
M,45,19,53572,2
M,18,4,58601,1
M,18,14,85282,2
M,56,17,03801,3
M,25,3,48220,2
F,35,7,60625,4
M,25,1,19103,2
M,35,0,42025,3
F,25,0,55408,2
M,18,17,02139,2
M,18,4,16802,1
F,18,4,98125,1
M,18,4,92122,3
M,25,5,46239,1
M,35,7,48306,2
M,18,19,40475,2
F,25,0,55405,2
M,18,5,48185,2
M,25,17,03038,4
M,56,7,55430,2
M,35,16,61600,3
F,56,0,98374,2
M,25,5,55447,1
M,18,4,01095,3
M,18,4,11364,4
M,18,17,66044,2
M,45,12,40515,2
M,25,0,02134,2
M,25,0,36301,3
M,25,12,97330,2
M,1,19,75602,2
M,35,11,70118,3
F,35,20,98119,1
M,25,4,92614,2
M,25,7,23423,0
M,45,2,98011,3
M,25,4,19713,2
M,25,4,20008,4
F,25,2,53523,0
M,18,4,19146,2
M,25,0,19152,1
M,35,7,52003,3
M,50,11,20852,3
M,25,11,20878,2
M,35,17,14302,3
M,35,12,96555,0
F,25,7,34952,3
M,35,7,78705,1
M,1,10,63123-1507,1
M,45,11,70802,2
M,25,20,98105,3
F,18,4,77581,2
M,35,0,94110,4
M,45,0,46060,2
M,18,10,11235,2
M,35,7,50265,1
M,50,19,59457,2
F,35,9,55410,2
M,25,7,91344,4
M,35,12,94402,4
M,45,12,02151,3
F,18,4,14850,3
F,25,7,92108,3
F,25,17,75006,2
M,35,2,95602,3
M,50,16,98516,3
M,25,14,15241,3
M,45,17,87505,5
M,18,4,77845,3
M,25,12,94121,2
M,35,7,80526,3
M,25,16,08826,3
M,50,3,75650,2
M,25,7,34695,4
M,1,19,03226,4
M,56,0,27705,1
M,45,7,48170,1
M,18,4,68144-2410,3
M,56,7,08854,1
M,45,7,80525,3
M,25,5,89114,2
M,25,5,60010,3
M,35,6,37853,4
F,1,10,98103,3
F,25,4,78728,2
M,25,14,81679,4
M,25,20,85719,4
M,18,4,02454,2
M,25,0,31605,3
M,25,14,49355,3
M,18,4,02111,3
F,25,20,94014,3
M,35,12,10011,3
F,35,0,02138,0
M,18,20,10036,2
F,18,4,97339,0
M,18,4,55414,3
M,18,1,94706,2
M,35,7,91304,1
F,25,9,32212,2
F,1,10,55305,1
M,56,16,03070,2
M,50,0,20815,2
M,35,1,59801,2
M,1,2,04101,2
F,25,0,53589,3
F,50,20,50010,3
F,25,1,92646,1
M,18,0,13603,2
M,18,4,97215,3
M,35,17,53703,3
F,25,0,53713,3
M,25,2,91602,2
F,18,1,94578,3
M,25,7,92130,2
M,25,4,91911,2
M,50,16,91360,3
M,25,7,77006,1
M,25,7,85037,2
M,25,17,80123,3
M,35,18,85275,2
M,25,17,85710,3
M,35,7,63125,1
M,56,18,56716,3
M,35,0,14228,3
M,50,7,10805,3
M,56,17,97146,2
F,50,20,95051,2
M,45,0,12065,2
M,56,1,95117,2
M,25,17,06460,4
M,25,7,02840,2
M,25,5,10011,3
M,50,16,95070,4
M,25,16,22207,3
M,25,12,19067,1
M,25,0,80231,3
M,1,0,05667,3
M,18,12,97205,2
M,45,20,87505,0
M,18,4,61820,3
F,18,4,02215,4
M,25,4,44514,2
M,45,3,55421,3
F,25,0,19355,3
F,35,7,19143,2
F,25,9,66212,4
M,25,3,94123,1
M,45,1,02482,2
M,1,10,11803,2
F,35,3,83001,3
M,25,2,90004,2
M,50,12,12184,4
M,25,17,80461,2
M,25,4,22030,2
M,35,0,30030,4
M,25,4,53711,4
M,35,2,94587,3
F,35,20,94598,4
M,25,4,55112,1
M,25,17,20910,1
F,25,3,97330,2
M,25,3,22601,0
M,25,5,80916,2
M,25,12,94110,3
M,35,7,55116,3
M,35,18,55434,3
F,56,2,55113,2
M,18,0,98765,3
M,25,7,80202,4
M,35,2,55410,3
M,18,4,23233,1
M,56,6,77096,2
M,25,7,92691,3
M,50,7,34243,2
M,18,16,42141,3
F,25,0,23221,3
M,25,16,95437,3
M,35,3,97202,3
M,25,14,55305,2
M,50,0,45420,3
M,45,5,98502,1
M,25,17,90505,2
M,45,11,01772,3
M,25,17,02135,3
M,25,20,91505,3
M,18,4,33143,2
F,56,16,90039,2
M,35,0,60914,2
M,56,17,92069,2
M,35,16,02139,2
F,35,0,20723,3
F,25,2,63119,4
F,1,19,14850,2
M,25,0,97212,1
F,18,0,64030,4
F,25,1,97225,3
M,1,10,21030,3
F,45,1,78231,1
M,35,17,26505,3
M,25,15,28226,1
M,18,20,02038,4
F,18,4,02142,3
M,25,16,47901,2
M,35,6,78746,1
F,35,2,22030,4
M,25,17,33823,3
M,25,6,70003,2
M,50,6,93111,3
M,25,0,30096,4
F,18,2,13603,1
M,56,16,66502,2
M,18,11,65202,2
F,56,0,98115,2
M,50,20,30030,3
F,35,14,55014,3
F,35,0,55303,3
M,25,2,02903,2
M,56,7,12345,4
M,25,2,90038,2
M,18,4,78250,4
M,25,0,06708,2
M,25,6,94127,3
M,50,1,88001,4
M,50,1,60062,1
M,18,4,77005,3
M,18,4,77005,2
F,18,4,78705,2
M,56,17,75225,3
M,35,0,80027,1
F,25,4,53951,3
M,18,4,10013,3
M,25,12,41042,1
M,25,12,02139,0
M,35,1,48116,4
F,1,10,48105,5
M,35,2,48104,2
F,45,1,01604,3
M,35,3,48107,3
M,25,17,61615,1
M,25,8,50309,2
M,50,12,06082,3
F,25,6,55433,3
M,18,12,02143,3
M,25,20,11717,4
M,45,16,92807,3
M,35,12,85257,2
M,25,12,89502,3
M,18,14,80023,4
M,35,12,95124,2
M,56,15,92119,3
M,25,12,94086,2
M,50,17,94611,2
M,45,20,93108,2
M,25,12,46725,3
M,35,16,92352,3
M,35,2,95008,3
M,35,0,91006,2
M,56,13,02356,2
M,1,0,02780,4
F,35,0,13064,2
M,35,12,61614,3
M,35,3,46033,2
M,25,0,12306,3
M,18,4,12309,2
M,56,14,02632,2
M,25,5,04103,2
F,45,1,46737,1
F,25,1,02453,1
M,25,12,91423,2
F,25,1,970025,3
F,18,4,84109,2
M,25,4,92037,3
M,1,10,60423,3
F,35,11,05602,3
M,35,14,01060,3
M,25,7,60115,3
M,45,14,30005,3
M,1,10,60423,2
M,35,20,84010,2
M,56,14,11779,3
M,45,7,75080,3
F,1,10,47403,3
M,56,13,32837,3
M,35,7,66224,3
F,35,9,48336,0
F,25,0,55071,2
M,25,17,99709,4
M,18,4,06520,0
M,35,17,50021,2
F,45,6,78758,2
M,18,2,21202,1
M,18,4,20006,4
M,18,4,02139,3
F,25,20,45409,3
M,18,20,22203,2
F,18,3,22305,2
M,45,1,16801,2
F,50,1,29642,2
M,35,17,03820,3
F,45,6,04578,5
M,50,1,27705,4
M,35,16,46214,4
M,25,0,94086,3
M,18,4,53233,3
M,25,17,35808,3
F,56,2,20783,2
M,56,12,04085,2
M,25,16,04101,3
M,45,0,60543,0
M,25,4,49456,2
F,18,4,90066,2
F,50,2,97424,3
M,25,20,91740,3
F,25,6,32812,0
M,25,2,33133,3
F,25,6,74105,2
M,35,14,63304,3
M,25,14,54915,4
M,25,11,02169,2
M,25,18,53572,2
F,18,1,33143,2
M,25,0,98503,3
M,25,12,87571,2
F,25,17,94613,2
M,25,4,64112,3
M,35,8,98674,4
M,25,7,01850,2
M,25,0,94403,4
M,25,18,26104,2
F,35,1,94044,4
F,25,6,72703,2
M,35,7,72703,2
M,18,4,78613,2
M,56,7,32137,3
M,25,12,98007,3
M,25,17,78749,1
M,18,12,95120,3
F,35,5,12345,1
M,35,19,55421,4
M,35,17,55407,2
M,25,4,16802,3
M,25,7,43228,3
F,56,13,60076,1
M,25,17,27609,3
M,35,7,19004,2
M,18,17,94941,1
M,50,0,62025-8000,3
F,25,0,02138,1
M,18,4,55104,2
M,25,12,22903,4
F,25,0,94107,3
F,35,6,94214,4
F,18,9,99703,2
M,25,16,98208,2
M,25,12,94520,1
M,25,17,94122,2
F,45,0,10022,2
M,35,14,53092,2
M,50,13,91977,2
F,25,0,94403,3
M,18,1,53703,3
F,25,1,79928,2
F,25,0,48067,3
F,50,13,55447,4
M,18,10,92130,2
F,25,11,23220,3
F,25,4,73160,2
F,25,0,92870,2
F,25,3,92831,3
M,25,12,92880,1
M,35,7,07663,4
M,25,17,10003,2
M,18,1,95864,3
M,18,0,49506,4
M,1,10,80540,2
F,25,15,15213,2
M,35,1,33304,3
M,25,0,32225,2
M,35,7,94506,3
F,50,6,97005,1
M,50,3,89102,1
F,1,10,495321,4
M,50,6,08108,3
M,35,7,06460,3
M,25,5,55414,3
M,56,6,91011,2
F,25,3,54016,2
M,56,0,90049,1
M,45,1,60091,3
M,25,20,11230-1710,1
M,25,12,91104,1
M,25,4,14607,2
F,1,10,04240,4
M,50,7,13088,2
F,35,6,06512,3
F,35,7,75601,2
M,56,13,78681,3
M,25,7,14302,3
M,18,7,11434,2
M,50,17,55117,3
M,35,14,91324,0
F,25,9,43420,3
F,25,2,75070,4
M,35,0,55105,3
F,18,1,11375,2
M,35,11,10022,2
M,25,14,46268,3
M,18,15,06114,3
F,50,6,15333,2
M,25,7,55441,1
M,25,14,10021,2
F,18,4,02138,3
M,35,1,92614,3
M,35,15,78250,3
F,25,0,60156,4
F,18,4,10025,3
M,25,15,08876,3
F,18,0,34744,4
M,18,4,12188,3
M,25,12,92688,2
M,25,17,98115,2
M,25,11,75801,0
M,25,7,08550,2
M,35,17,95476,4
M,18,19,22030,4
M,45,17,40031,4
F,1,10,94539,3
M,1,0,11803,3
M,25,7,77252,2
M,25,20,55410,2
F,50,0,97403,2
F,35,6,45459,2
F,18,4,31207,1
M,25,0,92646,2
M,35,20,77008,4
M,18,4,55404,4
M,45,2,10920,2
M,25,7,02139,3
M,35,0,70748,3
M,25,1,43026,1
M,25,0,60657,0
F,18,0,02143,2
M,35,14,74012,2
M,35,7,19004,1
M,18,4,78759,3
M,18,4,80513,3
M,35,7,95008,0
M,25,7,54942,1
M,50,16,78411,2
M,56,14,55337,0
F,35,12,55303,4
M,18,20,85054,1
M,45,0,27312,3
M,25,7,30041,2
M,50,1,56723,3
M,45,15,85255,3
M,18,12,84041,1
M,25,20,33626,2
M,18,1,92802,2
M,18,7,44039,2
M,35,7,08876,4
F,25,1,01860,1
M,45,16,20880,2
M,50,0,21050,1
M,35,12,88005,3
F,18,4,80228,4
M,45,12,53716,3
M,18,4,55128,2
F,25,5,43229,2
M,35,18,55448,2
M,35,14,22180,2
F,50,3,55112,3
F,50,9,59072,3
M,35,13,78252,2
M,35,7,02115,1
F,50,7,10022,2
M,35,20,60440,2
M,18,4,33023,3
M,25,7,94117,3
M,18,1,02446,3
M,18,10,48439,2
M,25,16,45242,3
M,56,13,92120,2
M,45,7,48103,4
M,56,1,48104,1
F,25,16,02465,3
M,50,6,13035,0
F,56,7,01562,1
M,50,17,48197,3
M,35,17,03824,2
M,25,17,90245,1
M,45,17,13152,1
F,25,1,02460,1
M,35,7,03885,4
M,50,1,55126,3
M,25,0,90028,3
M,18,19,82070,4
M,25,7,91911,2
F,25,11,06107,4
M,35,17,94533,3
M,18,12,36115,1
M,35,0,32506,3
M,1,10,02818,2
F,25,7,22201,3
M,25,17,60042,3
M,18,4,43202,3
M,50,17,07728,4
M,25,17,53188,4
M,1,12,02138,2
M,18,4,63141,4
F,25,1,55410,3
M,25,6,94108,1
M,35,1,94121,4
M,18,20,63132,1
M,18,4,10020,3
M,35,7,28805,3
M,45,2,94102,5
M,45,1,50588,1
F,35,12,94014,2
M,35,15,85282,3
F,35,9,37843,2
M,18,12,98105,3
M,45,7,55438,3
M,45,5,31901,2
M,35,14,95746,3
F,45,1,60417,2
M,50,15,63121,2
F,18,20,94410,2
M,35,5,91343,3
F,35,12,46755,2
M,1,10,60565,3
F,35,14,02130,0
M,18,4,72212,3
M,45,12,64117,4
M,45,5,60647,1
M,18,4,60115,2
F,18,4,44106,4
M,50,6,44333,3
M,25,15,94303,2
M,1,10,44224,2
F,50,1,36067,3
M,18,4,98117,2
M,25,7,33916,3
M,18,0,48314,4
F,50,0,66762,1
M,50,1,44240,1
M,18,4,44502,4
M,25,6,35205,3
M,35,7,75229,3
F,18,4,94305,2
M,35,20,30306,3
M,56,7,91356,3
M,45,14,01701,2
F,45,3,01770,4
M,25,4,48127,3
M,25,11,20164,3
M,25,20,90048,2
F,25,4,70808,4
M,25,4,94703,1
F,35,17,78681,3
F,35,3,04108,3
M,56,11,13760,2
F,18,2,14616,1
F,25,9,60201,2
M,25,3,60626,3
M,25,17,75146,4
M,35,7,77565,1
M,50,20,94117,2
F,35,12,43528,3
M,56,15,79068,2
M,35,20,10038,3
M,18,0,55404,3
M,1,1,48304,3
M,35,7,70116,0
M,18,4,44646,4
M,25,4,43138,4
M,35,1,01020,4
F,25,7,94043,2
F,25,6,53202,2
M,50,16,06430,3
M,35,5,64801,3
M,35,1,20653,3
M,25,7,10025,2
M,18,16,94709,2
F,25,15,91902,0
F,1,19,14850,3
M,25,2,55405,4
M,18,4,92833,3
M,18,0,02780,4
F,25,7,75093,3
M,50,3,96714,3
F,18,17,55449,2
F,35,6,33314,2
F,56,0,00231,4
M,50,7,68046,3
M,18,4,10044,2
M,1,10,48867,4
M,35,11,04287,2
M,45,16,63128,2
F,35,6,08043,2
M,35,7,52402,1
M,35,11,98443,1
M,56,17,28704,1
M,56,13,19312,4
F,25,4,94110,1
M,45,0,24541,3
F,25,0,55345,4
F,25,15,94901,2
F,18,4,94122,4
F,35,20,91324,3
M,25,0,55126,4
M,25,12,55346,2
M,35,11,32082,3
M,50,17,45420,3
M,18,4,16803,3
M,25,7,55408,4
M,25,7,02150,1
F,50,7,86001,3
M,35,17,97330,1
M,25,20,94122,2
F,18,5,43201,2
F,25,4,90034,2
M,18,0,17844,2
F,25,4,91740,2
M,25,7,48326,3
F,18,9,62225,2
M,18,12,90210,0
M,18,18,98118,1
M,25,20,90046,2
M,25,0,95819,3
M,35,17,95610,2
M,45,2,90813,1
M,18,19,98034,2
M,50,14,85202,3
M,18,4,78666,3
M,25,7,02420,4
M,25,5,32839,3
M,45,14,02021,3
M,18,17,78758,1
M,25,14,46940,4
M,50,5,95401,3
M,35,0,02115,4
F,45,15,20910,4
M,25,12,92130,1
M,25,19,90214,1
M,56,16,60610,1
M,35,15,77007,1
M,50,0,23518,1
M,35,20,10036,3
M,25,7,94022,3
F,18,4,73070,3
F,25,3,12866,3
M,1,10,15208,3
F,35,11,22043,1
F,35,0,46234,2
M,56,19,06040,4
F,1,10,53704,3
M,18,4,01375,2
M,25,4,08540,1
M,35,17,55934,3
M,18,4,90024,3
M,35,0,28209,4
M,25,12,21401,2
M,35,16,11358,3
M,56,13,17033,4
F,45,11,40204,2
M,35,14,08750,3
M,50,16,10025,3
F,25,0,92646,2
M,18,19,55912,3
F,25,0,90212,3
F,18,3,45244,3
M,18,0,47901,2
M,35,0,29063,3
M,35,0,55405,3
M,45,13,30030,4
M,35,1,10918,4
M,35,17,49508,2
M,35,16,98133,1
M,18,4,22807,1
F,45,16,14468,1
F,45,1,04258,1
M,1,10,95926,2
M,35,20,94122,1
F,25,17,98034,3
F,35,0,90278,3
M,50,7,55075,2
F,45,20,04240,0
F,25,2,94040,1
M,35,1,27909,4
M,25,1,92116,2
M,35,14,33701,3
M,45,6,92103,4
F,35,20,98103,2
M,35,15,48187,3
M,50,1,74105,2
F,25,9,84037,1
M,50,1,77706,3
M,25,2,60640,3
M,25,1,04086,3
M,25,4,04309,3
F,25,6,02118,3
F,45,13,37922,1
F,35,12,91104,0
M,25,2,95831,3
M,25,16,48324,3
M,18,4,97215,2
M,18,0,10002,3
F,25,12,53154,3
M,35,12,08902,3
F,25,1,48067,4
F,35,16,95003,3
M,25,20,11102,3
M,35,13,89128,4
M,45,17,40515,2
M,18,17,76116,3
M,35,17,30303,2
M,35,1,55430,2
F,35,20,61821,3
M,25,20,02139,3
M,25,1,96930,3
M,18,4,20057,3
M,50,20,06033,2
M,25,20,64114,2
F,25,1,45056,3
F,25,18,21214,2
M,18,7,55337,2
M,35,1,49307,4
M,25,14,07430,4
M,25,12,07436,3
M,25,12,12866,1
M,50,7,60510,3
F,50,1,55413,4
M,18,4,96744,2
F,35,2,78744,3
M,25,16,90292,1
M,18,4,67042,3
M,25,14,23434,4
M,35,7,49504,3
F,45,20,75214,5
M,25,1,77803,3
M,18,4,49503-1313,4
M,25,17,85210,2
M,25,14,94533,2
M,50,0,33901,2
F,45,3,75605,3
M,25,0,48316-5601,2
M,18,0,98103,3
M,25,7,78757,3
M,18,3,55107,3
M,35,1,55117,1
F,25,14,60647,1
M,50,12,30030,4
M,18,4,55105,2
M,45,20,08035,4
M,25,7,75089,3
M,45,16,01880,3
M,25,7,33324,3
F,25,1,32303,2
M,25,4,66762,2
M,25,17,55128,2
M,25,0,30606,3
M,45,16,22652,4
M,25,14,29609,4
M,25,0,37205,4
M,35,3,13088,3
M,18,4,80521,1
F,18,0,75115,3
F,50,1,06043,3
M,18,10,48169,3
M,25,11,13031,3
F,18,4,27708,3
M,35,17,50321,3
M,25,1,92688,2
M,45,0,06804,1
M,25,0,60647,2
F,25,0,11801,2
F,25,12,97119,3
F,25,4,91106,5
M,50,16,97116,2
M,50,7,19118,2
M,25,0,10003,3
M,25,17,94401,2
F,35,0,94109,1
M,25,12,91910,3
M,25,1,54601,3
M,50,0,55128,4
M,25,17,27613,3
M,50,6,11746,3
M,35,16,54729,2
M,25,0,94305,2
M,25,15,02446,3
F,25,7,22304,2
M,25,7,94904,4
M,25,20,75801,2
M,45,12,55001,4
F,35,7,55116,2
M,35,0,20755,5
M,25,2,55408,4
F,18,12,29708,3
M,50,0,36109,3
M,56,18,70817,3
F,35,0,10011,0
M,35,7,22904,3
M,25,12,94703,1
M,45,2,90631,3
F,45,2,37924,2
F,18,4,56401,3
M,18,4,52003,1
F,50,14,37922,3
F,50,6,48094,3
M,25,7,94109,2
F,25,4,94610,2
M,35,16,77550,2
F,56,16,70503,3
F,18,4,10033,0
F,18,4,59715,2
F,45,15,59840,1
F,35,6,44303,3
M,35,5,33317,0
F,50,0,46815,2
M,45,17,84109-2001,1
M,18,19,60010,1
M,35,7,37027,3
M,50,12,78703,1
F,25,18,98115,3
M,25,12,83815,3
M,25,18,37922,2
M,50,13,98683,1
M,35,18,52001,3
M,25,15,02139,0
M,50,20,98119,2
M,25,16,33301,3
F,25,1,23454,2
M,50,1,37922,4
M,25,17,28083,1
F,25,2,83712,4
M,25,17,55744,1
M,35,15,55416,2
M,25,2,90803,2
M,18,12,37032,2
M,25,16,97209,2
F,1,10,77515,3
M,35,17,22315,3
M,1,14,80401,0
M,56,13,29928,2
M,50,20,20007,2
M,25,4,60614,2
M,25,4,60201,4
M,35,1,45750,0
M,45,17,78750,3
F,18,4,48858,2
M,35,0,96707-1321,2
F,50,4,20902,2
M,18,4,90025,3
M,56,1,90049,4
M,1,10,45241,2
M,18,4,13323,1
F,18,4,13148,2
F,50,12,21133,2
M,45,7,01605,2
F,35,6,13210,3
M,18,0,55112,3
F,25,4,13210,4
M,35,4,10027,2
F,25,6,19102,1
M,18,4,02151,2
F,35,16,77027,1
M,25,17,38111,3
F,25,14,10022,1
M,35,7,20650,3
F,35,7,30309,2
F,18,7,80503,2
F,50,12,95472,3
M,18,7,02215,2
F,25,15,55455,3
M,18,12,80503,3
M,25,0,02472,0
M,35,6,94598,4
M,35,18,98664,3
M,25,4,94110,3
M,56,20,78731,2
M,25,6,49707,3
M,18,0,94111,3
M,18,2,60614,2
M,25,2,90068,4
F,25,7,12533,3
M,50,1,53221,4
M,25,2,55116,3
F,25,11,02111,1
F,25,4,23454,2
F,18,4,94121,2
M,25,12,24060,2
F,18,2,55118,4
M,35,14,06880,3
F,35,17,55082,4
F,25,7,02332,4
M,25,14,75093,2
F,56,13,46140,3
F,35,3,02725-1010,1
M,56,7,75041,1
M,25,20,10014,0
M,45,17,91355,2
M,25,17,62629,2
M,25,16,94120,1
M,45,12,92122,1
F,56,0,38340,5
M,25,14,92109,1
F,25,19,60612,3
M,56,1,80303,2
F,18,17,95405,1
M,25,17,95405,2
F,18,4,54302,4
M,50,6,02090,0
M,25,20,92649,2
M,35,17,60477,2
M,35,7,02127,2
M,25,7,60015,2
M,25,19,94122,3
F,1,10,64093,3
M,25,17,60607,4
M,45,15,81335,3
F,18,14,64060,1
M,25,4,53703,4
M,45,14,44122,2
M,25,12,55106,2
M,25,17,92122,0
M,35,20,52570-9634,3
F,35,5,44313,3
F,50,3,10128,2
M,25,0,08461,0
M,18,12,55408,2
M,35,16,10014,2
F,18,14,10018,0
F,25,6,94132,4
M,25,1,23462,3
F,25,5,27203,2
F,25,6,28412,2
M,45,7,72212,3
M,25,0,85712,2
M,25,17,03570,4
M,25,4,89193,2
F,35,1,97374,3
M,1,10,91326,2
M,56,13,55118,3
F,50,20,95503,1
M,35,7,20716,3
M,25,14,55406,3
M,50,1,04240,3
M,25,2,10040,1
F,35,9,06854,4
M,45,0,94114,3
M,25,0,90638,4
M,56,1,96153,1
M,35,7,91107,2
M,35,17,22030,5
M,35,17,77566,1
F,25,19,90020,4
M,25,12,45014,2
M,56,6,94030,2
F,50,1,55126,3
M,25,0,10025,3
F,35,0,97213,2
F,18,17,65203,3
M,35,17,48146,3
M,50,12,44286,3
F,25,0,94109,2
M,25,20,94402,4
M,35,7,11767,1
M,45,1,18901,3
F,35,17,94306,0
M,25,14,02460,3
M,35,0,60187,3
F,1,10,26505,3
F,18,4,78628,2
F,35,2,27514,3
M,35,15,98108,3
F,45,5,92649,2
M,35,0,55418,2
M,56,20,94708,2
M,25,4,92107,4
M,18,12,77084,3
M,18,4,94305,4
M,45,17,98052,2
F,45,16,94110,1
M,25,8,24502,3
F,45,2,01851,1
M,45,0,10543,2
F,18,4,15116,4
F,1,10,94086,3
M,25,15,92648,1
M,18,4,55104,3
F,25,3,85226,3
M,25,5,60074,4
F,1,10,87123,3
M,1,0,75244,2
M,45,17,78731,3
F,50,20,11217,2
F,35,6,90036,3
F,56,13,02838,3
M,25,0,76201,3
M,1,17,97062,4
F,35,0,55442,3
M,25,17,92584,1
F,25,2,10019,2
F,18,4,43403,3
M,25,12,55042,2
M,18,1,32601,2
M,18,4,32606,4
M,25,0,11201,2
F,18,4,43402,3
M,18,4,43402,1
M,1,10,55305,1
M,35,17,06854,1
M,50,6,43402,1
M,18,1,44221,4
M,18,4,43402,3
F,18,14,94110,5
M,25,12,53707,3
M,18,4,80228,4
F,1,10,61665,3
M,35,12,75069,4
M,50,7,01915,1
M,25,17,92126,4
F,25,0,97401,3
M,18,4,07030,0
M,50,16,55113,0
M,25,12,94110,2
F,25,3,50266,4
M,25,5,12308,2
